mz,ret,int,mod,kmd,HS_num
699.972474375294,749.8525,20919.5,0.0171842152940371,-0.0171853129406827,1
200.012607537863,201.306,611.5,0.0253817778630037,-0.0253833991311581,2
300.059486629122,525.6185,6159.5,0.0786479891219756,-0.0786530127842866,3
250.096458136794,214.0695,621,0.112425936794011,-0.112433118032186,4
250.154969908149,406.117,1196.5,0.170937708149012,-0.170948626842943,5
200.176217981023,316.973,1191,0.188992221023,-0.189004292953996,6
200.176255797776,403.288,3919,0.189030037776007,-0.189042112122536,6
250.191407966834,562.965,2820,0.207375766833991,-0.20738901301911,8
350.195491140295,390.551,941.5,0.217846060295017,-0.217859975273086,9
450.200998716178,293.327,735,0.229740756177989,-0.229755430933096,10
400.207016334975,204.311,1762,0.232564814974978,-0.232579670117616,10
400.222643114638,293.327,897,0.248191594638001,-0.248207447945504,12
350.228458372345,825.5265,7637.5,0.250813292345015,-0.250829313114252,12
350.240191876981,629.0235,74857,0.262546796980985,-0.262563567231098,14
300.255000421679,588.835,4839,0.27416178167897,-0.274179293839495,15
400.25720822613,720.719,528,0.282756706129987,-0.282774767293745,16
300.264057391283,746.066,6343,0.283218751283016,-0.28323684195999,16
450.257058280259,615.3995,2514,0.285800320259,-0.285818575834412,16
550.27030853342,611.994,784,0.305437693420004,-0.305457203338165,19
450.279834413168,747.49,1949,0.308576453167973,-0.30859616357526,19
500.281305250395,587.472,4621,0.313240850395005,-0.313260858741955,21
500.282902822503,367.913,667,0.314838422502987,-0.314858532895357,21
450.298006202919,399.043,571,0.326748242918995,-0.3267691140544,23
500.297760411683,430.867,346255,0.329696011682984,-0.32971707110795,23
550.301338625533,379.234,610,0.336467785533046,-0.336489277506985,25
550.303146325149,745.029,542,0.338275485148984,-0.33829709259021,25
500.313360305264,682.943,44212,0.345295905263981,-0.345317961136573,27
450.330490313962,681.642,3206.5,0.359232353962,-0.359255300029133,28
450.331307972124,579.303,2270,0.36005001212402,-0.360073010419285,28
750.312923021783,738.879,1889,0.360826421783031,-0.360849469671734,28
400.335664444599,884.242,1868.5,0.361212924598988,-0.36123599717564,28
500.330274428147,807.814,43616.5,0.36221002814699,-0.362233164413908,28
600.332589214015,205.811,520,0.370911934014998,-0.37093562611858,33
650.329557032188,790.575,1632,0.371073312187946,-0.371097014599627,33
700.339312279084,628.341,857,0.384022119083966,-0.384046648604226,35
650.349921249699,640.609,793,0.391437529699033,-0.391462532880723,36
600.381293657524,640.609,1422,0.419616377523994,-0.419643180637536,37
700.384737487665,813.673,5514,0.429447327665002,-0.429474758733136,38
850.387620343445,640.609,924,0.441910863444946,-0.441939090625056,39
800.394977518341,628.341,532,0.446074478340961,-0.446102971473124,39
550.44795951798,699.88,5231,0.483088677980049,-0.483119535404512,41
650.445541951121,717.462,2929,0.487058231120955,-0.48708934210174,41
600.462293085406,720.719,1212,0.500615805406028,0.499352217619276,43
800.493081697427,855.855,1368,0.544178657426983,0.455786583009058,44
850.516139175029,881.766,40745,0.57042969502902,0.429533868614499,45
950.527927571833,854.623,3062.5,0.588605211832942,0.411357190844456,46
750.5552351006,890.452,1878,0.603138500600039,0.396822973759413,47
950.548602169264,633.793,3049,0.609279809263967,0.390681272817801,48
850.560274291647,715.51,637,0.614564811647028,0.385395932853612,49
850.56386289262,886.723,20472,0.618153412620018,0.381807102657717,49
900.56818528184,886.109,2207,0.625669361839982,0.374290673354494,51
800.576390332666,773.3295,3213,0.627487292666046,0.372472626407557,51
850.584440842337,780.718,5253,0.638731362337012,0.361227838518516,53
750.591676749847,962.03,1087,0.639580149847006,0.360378996792065,53
900.582880316834,672.524,6081.5,0.640364396834002,0.359594699710897,53
700.596070110639,794.8815,537,0.640779950638944,0.359179119362352,53
1050.57545731531,641.973,1344.5,0.642522075309898,0.357436883412674,53
750.5980444025,781.9525,11170,0.645947802500018,0.354010937403245,58
1050.58192095574,719.417,2385,0.648985715740082,0.350972830115779,58
1000.59194690599,414.604,55956,0.655818105989965,0.344140003445091,60
1000.61184700573,887.965,818,0.67571820573005,0.324238632580432,61
1050.61190206215,451.003,2383,0.67896682214996,0.320989808654303,61
1100.61587819379,677.733,946,0.686136513789961,0.313819659048249,63
1150.61795850559,718.116,708,0.691410385589961,0.308545450378233,64
1150.65584292606,795.503,1969,0.729294806059897,0.270658610030296,65
1100.68228385623,805.351,1700,0.752542176230008,0.247409754927958,66
1000.69304183449,888.587,1257,0.756913034490026,0.243038617478192,66
950.696692479942,889.209,731,0.757370119942038,0.242581502829694,66
1050.69083160715,836.138,30151,0.757896367149897,0.242055222007593,69
1100.69809322863,424.503,1669,0.76835154862988,0.231599372699975,70
450.778203257064,891.694,633.5,0.806945297063976,0.193003159079353,71
700.91948791312,751.181,1936.5,0.964197753119947,0.0357406584787441,72
750.919544623254,779.486,1300,0.967448023253951,0.032490180732907,72
600.930859311514,632.43,1989,0.969182031514038,0.0307560617125091,72
550.934375383398,602.458,1703,0.969504543397989,0.0304335292280484,75
400.949133609896,283.5935,535.5,0.974682089896021,0.0252556520127882,76
350.958444762279,234.342,873,0.980799682278985,0.0191376688669038,77
201.003073554459,193.797,621.5,1.01584779445901,-0.01591268202111,78
301.074887937581,211.816,858,1.09404929758102,-0.0941191802859862,79
301.086886158701,534.147,1470,1.10604751870102,-0.106118167795728,80
251.132850976052,223.081,1128,1.148818776052,-0.148892157172753,81
201.17986583414,404.702,632,1.19264007414,-0.19271625435843,82
301.173789470427,204.3095,522,1.19295083042698,-0.193027030495045,82
251.187012041482,363.667,1119,1.202979841482,-0.20305668215596,84
351.186900371237,213.318,1610,1.20925529123701,-0.20933253275706,85
251.194846650178,592.928,514.5,1.21081445017799,-0.210891791289782,85
651.216955957195,362.253,1071,1.25847223719495,-0.258552622461252,87
351.243634602006,644.015,14862,1.26598952200601,-0.266070387440891,88
401.242461941584,648.389,713.5,1.26801042158399,-0.268091416104426,88
351.248541370717,845.987,1609,1.27089629071702,-0.270977469573154,88
601.233424195169,237.346,630,1.27174691516905,-0.271828148359077,91
551.244687628277,193.797,13213.5,1.279816788277,-0.279898536932478,92
751.234847549756,454.689,1894,1.28275094975595,-0.282832885831795,92
301.267296618734,747.295,1528,1.28645797873401,-0.286540151597308,94
401.26838571755,868.832,840,1.29393419755002,-0.294016847958915,95
451.271886698534,640.609,2295,1.30062873853399,-0.300711816558589,96
501.273740953127,241.856,1917.5,1.305676553127,-0.30575995358214,97
401.28216491724,780.718,6240,1.30771339723998,-0.307796927799131,97
401.287824076907,723.322,1933,1.31337255690698,-0.313456448946511,99
501.281976293611,775.8055,11045,1.31391189361102,-0.313995820100843,99
551.282234637823,628.341,8139,1.31736379782296,-0.317447944804144,99
451.298799838468,789.9585,9585,1.32754187846803,-0.327626675576937,102
501.296233958319,453.459,61310,1.32816955831902,-0.328254395521128,102
401.313381130961,857.107,3218,1.33892961096097,-0.339015135464479,104
451.311821561134,625.616,615,1.34056360113402,-0.340649230009149,104
501.316552861065,682.943,15804,1.34848846106502,-0.348574596142726,106
551.317623764063,702.485,3238,1.352752924063,-0.352839331534483,106
451.331003482713,865.7155,936,1.35974552271301,-0.35983237683871,108
751.3139723703,740.108,1197,1.3618757703,-0.361962760495885,108
601.340727598473,788.1095,96083.5,1.37905031847299,-0.379138405697972,110
551.353902153675,811.509,30159,1.38903131367499,-0.389120038438818,111
501.369662082907,810.277,6979.5,1.40159768290698,-0.401687210351156,112
651.368846934373,682.943,8361.5,1.41036321437298,-0.410453301717894,113
651.370284067095,857.089,23335.5,1.41180034709498,-0.41189052623713,113
701.385091873027,790.575,2131,1.42980171302702,-0.429893042011486,115
801.38580559013,640.609,9774,1.43690255012996,-0.436994332682275,116
601.401071679811,876.826,1408,1.43939439981102,-0.439486341531051,116
651.404442395784,791.807,6328,1.44595867578403,-0.446051036799076,118
851.39398549953,667.0185,566,1.44827601953,-0.448368528565879,118
751.417623526099,639.245,1095,1.46552692609896,-0.465620537041332,120
651.427478884952,702.485,1539,1.46899516495205,-0.469088997429253,120
551.436176594839,703.788,1237,1.47130575483902,-0.471399734905845,122
801.427223183244,640.609,527,1.47832014324399,-0.47841457135678,123
551.459053731844,633.793,1643,1.49418289184405,-0.494278333194302,124
701.454394972016,881.766,927,1.49910481201596,-0.499200567755338,124
801.510425153534,869.414,4491,1.56152211353401,0.43837814380413,126
701.52602597776,728.531,6022,1.57073581776001,0.429163851050134,127
851.52004364424,881.766,22622.5,1.57433416423999,0.425565274724818,127
951.532234289761,854.623,2357,1.59291192976104,0.40698632254373,129
801.542930364011,887.965,31610,1.59402732401099,0.405870857047717,129
951.548621152322,632.43,1427.5,1.60929879232197,0.390598413267412,131
751.563727917838,825.048,1384,1.61163131783803,0.388265738760651,131
651.574471608471,829.972,928,1.61598788847095,0.383908889850545,133
901.559749548835,891.694,8482,1.61723362883504,0.382663069914429,133
901.560594498354,962.03,11720,1.61807857835402,0.381818066424103,133
851.571871075002,883.004,12344,1.62616159500203,0.373734533471179,136
801.576688002263,783.182,27910,1.62778496226304,0.372111062516979,136
751.595662194739,963.263,694,1.64356559473902,0.356329422048816,138
901.589329083635,672.524,2482,1.64681316363499,0.353081645713473,138
851.59624137021,800.426,28323.5,1.65053189021,0.349362681603679,140
1051.58573952173,719.417,1141,1.65280428172991,0.3470901449341,140
1001.59265865195,417.432,16101,1.65652985195004,0.343364336742184,142
1051.60425646717,637.883,581,1.67132122716998,0.328572016718908,143
1051.61564498752,453.459,1387.5,1.68270974751999,0.317182768924113,144
1051.63946024012,866.368,1874.5,1.70652500011988,0.293365995118165,145
1151.64916751001,795.503,866,1.7226193900101,0.277270577194258,146
951.671659299083,852.156,1688,1.73233693908298,0.267552407410335,147
1001.68010478379,887.965,676,1.74397598378994,0.255912619256037,148
1051.6940778027,855.855,743,1.76114256269989,0.238744943826077,149
1151.79819201619,779.486,950,1.87164389618988,0.128236552032604,150
501.931440657357,522.432,714.5,1.96337625735697,0.0364983314352685,151
551.9285392321,602.458,1189,1.96366839209998,0.0362061780319891,151
751.915857682852,780.718,709,1.96376108285199,0.0361134813595072,151
451.93544856834,387.72,775,1.96419060834,0.0356839284353327,151
401.941078427735,286.0085,1960,1.96662690773502,0.0332474734209995,151
601.931058750265,633.1115,1170,1.96938147026503,0.030492734942527,156
251.982196167471,277.177,1986,1.99816396747099,0.00170839924652455,157
202.007424312523,214.8205,19697.5,2.020198552523,-0.0203275932707641,158
302.083815827439,554.712,812,2.10297718743902,-0.103111515695275,159
302.133910746072,196.8,561,2.15307210607199,-0.153209634155189,160
352.198299559788,208.736,7720,2.22065447978798,-0.220796324714229,161
252.207117919818,614.037,6301.5,2.22308571981799,-0.223227720040313,161
302.222267330621,648.546,21152,2.24142869062098,-0.24157186250568,163
352.222411347978,386.306,994.5,2.24476626797798,-0.244909653051423,163
352.223299016064,293.327,11456,2.245653936064,-0.245797377837448,163
352.225686079683,699.88,109636,2.24804099968298,-0.24818459393083,166
452.238452993402,349.517,1038,2.267195033402,-0.267339851119118,167
552.247558318159,193.797,2481,2.282687478159,-0.282833285460356,168
752.235761356994,454.689,913,2.28366475699397,-0.283810626719287,168
502.256061252315,845.987,788.5,2.28799685231502,-0.288142998754154,170
452.273097859047,641.973,975,2.30183989904702,-0.301986929714644,171
402.294426655446,827.51,3499,2.31997513544599,-0.320123324506881,172
502.296460236141,428.0365,24572.5,2.328395836141,-0.328544563076491,173
552.301242419453,635.839,2509.5,2.33637157945304,-0.336520815841368,174
452.307739997848,784.414,2708,2.33648203784799,-0.33663128129183,174
452.311086890955,403.288,5892.5,2.33982893095498,-0.339978388182601,174
502.315661923104,682.943,4489,2.34759752310401,-0.347747476552684,177
502.319524697144,598.3705,3649.5,2.351460297144,-0.351610497328409,177
752.309388080181,743.799,930,2.35729148018095,-0.35744205283379,179
602.321400255269,689.458,41423,2.35972297526905,-0.359873703234257,179
552.346681769885,811.509,6571,2.38181092988498,-0.381963068724531,181
652.342227964448,665.8355,1457,2.38374424444805,-0.383896506778569,181
602.346958907225,787.4935,16169,2.38528162722503,-0.385433987756414,181
652.36973828812,790.575,3315,2.41125456811994,-0.411408587680057,184
652.373033929503,858.322,8519.5,2.41455020950298,-0.414704439573143,184
602.377259280721,613.356,1486,2.41558200072097,-0.415736296697105,184
802.38709240931,641.973,3867,2.43818936930995,-0.438345109338115,187
702.40220118255,757.333,1858,2.44691102255001,-0.447067319676194,188
852.394780827408,690.761,748,2.44907134740799,-0.44922778252544,188
652.429647959676,716.813,26753,2.471164239676,-0.471322085983275,190
852.418714531821,688.154,979,2.47300505182102,-0.473163015710611,190
602.463944859282,759.793,2651,2.50226757928203,0.497572587676245,192
552.47138143917,641.973,854,2.50651059917004,0.493329296764159,192
702.472062760502,881.766,965.5,2.51677260050201,0.483066639944013,194
752.469164721249,783.7985,5016.5,2.51706812124894,0.48277110032052,194
902.460462003365,214.819,1350,2.51794608336502,0.481893082124429,194
602.510736031297,895.071,14300.5,2.54905875129703,0.45077842686203,197
752.513112227212,895.412,1240.5,2.56101562721199,0.438820787198324,198
802.510151401476,870.648,2142,2.56124836147603,0.438588038068247,198
902.519097527832,848.455,832,2.57658160783194,0.423253812297048,200
702.535003039613,985.462,4827.5,2.579712879613,0.420122340504918,200
852.526095795109,884.242,8230,2.58038631510897,0.419448861993146,200
952.524119180045,850.922,540.5,2.58479682004497,0.415038075335019,203
802.540290976565,892.308,15792,2.59138793656496,0.408446537805503,204
652.567813867393,839.8305,20896.5,2.60933014739305,0.390503180913697,205
952.556255961956,632.43,667,2.61693360195602,0.382899240677943,206
902.56369761526,890.452,50441,2.62118169526002,0.378650876025858,206
1052.56095161301,322.633,9035,2.62801637301004,0.371815761708831,208
802.584759233556,789.343,10494,2.63585619355604,0.363975440392096,209
852.593885208632,887.966,922,2.64817572863194,0.351655118402391,210
852.599156429058,800.426,10773,2.65344694905798,0.346383561275616,211
1002.61996104763,806.582,3759.5,2.68383224762999,0.315996321834177,212
1052.62244541724,452.231,1209,2.68951017723998,0.310318029544987,213
1052.63372204126,633.793,3168,2.70078680125994,0.29904068522751,214
1052.63763060741,797.964,2430,2.70469536741007,0.295131869416537,214
752.657210768693,886.496,6545,2.70511416869294,0.294713041382693,214
1152.67163744337,694.669,1856,2.74508932336994,0.25473533328136,217
1052.6828267984,821.356,5541,2.7498915583999,0.24993279150749,217
1002.69478884346,890.452,1802.5,2.75866004345994,0.24116374635787,219
402.95242086375,294.84,5368.5,2.97796934374998,0.0218404376249737,220
203.031862977468,204.311,1452,3.04463721746799,-0.044831694522145,221
353.02692584121,201.306,2185.5,3.04928076121001,-0.0494755348718172,221
203.159143528399,264.37,775,3.171917768399,-0.172120375533922,223
453.174301490804,794.1245,16774,3.203043530804,-0.203248126105677,224
403.194348946075,219.324,609,3.21989742607502,-0.220103097924039,225
253.210479811541,599.733,2285.5,3.226447611541,-0.226653701784926,226
353.226620076892,243.358,1884.5,3.248974996892,-0.249182526078926,227
403.243003953742,719.417,2099.5,3.268552433742,-0.268761213443213,228
553.242466186703,193.797,4124,3.27759534670304,-0.277804704022856,229
753.23684265227,459.605,705,3.28474605226995,-0.284955866343125,230
503.259766114253,637.883,2303,3.29170171425301,-0.291911972620994,231
503.266611494789,742.501,2957,3.298547094789,-0.298757790407592,232
603.263393989178,616.081,1043,3.30171670917798,-0.30192760725663,232
553.277114261874,682.943,45962.5,3.31224342187397,-0.312454992349217,234
653.275959543159,198.302,1479,3.31747582315904,-0.3176877278554,235
703.281876910275,193.797,2516.5,3.32658675027494,-0.326799236934335,236
453.299676136704,880.527,10794,3.32841817670402,-0.328630780346316,236
503.296694896598,826.279,13434.5,3.32863049659801,-0.328843113802293,236
503.297575512711,423.0885,3973,3.32951111271097,-0.329723786164834,236
453.314473217758,403.288,1627,3.343215257758,-0.343428806567999,240
503.317252110113,680.339,1250.5,3.34918771011297,-0.34940164041501,241
603.323004038862,689.458,10245,3.36132675886199,-0.361541464549191,242
553.333592208736,811.509,1993,3.36872136873603,-0.368936546756004,243
703.342502666158,542.606,1257,3.38721250615799,-0.387428865304514,244
653.352490438556,639.245,1160,3.39400671855594,-0.394223511684686,245
703.34948428439,632.4315,1043,3.39419412438997,-0.394410929489254,245
653.361163185325,786.2625,2569.5,3.40267946532504,-0.402896812427912,247
253.398822074698,634.4745,1103,3.41478987469799,-0.41500799535666,248
603.384513536554,848.455,1545,3.42283625655398,-0.423054891177571,249
703.379339248674,772.723,2164.5,3.424049088674,-0.424267800767439,249
653.398299037287,853.389,3528.5,3.43981531728696,-0.440035036452741,251
803.393360808443,640.609,1423,3.44445776844304,-0.444677784146734,251
753.398832837546,622.891,668,3.44673623754602,-0.44695639878762,253
803.401141313652,714.208,9126,3.45223827365203,-0.452458786337615,254
653.468899933205,723.3235,4834,3.51041621320496,0.489359557977195,255
553.476305124959,641.973,713,3.51143428495902,0.488341421193581,255
753.464707838038,785.647,541.5,3.51261123803795,0.487164392936393,255
753.487943334842,891.694,1737,3.53584673484204,0.46392741195848,258
703.491945104595,883.625,620,3.53665494459494,0.463119150580951,258
603.524805829923,785.647,3870.5,3.56312854992302,0.436643854243925,260
953.529947232352,778.254,2223,3.59062487235201,0.409145775479715,261
803.539860037723,889.209,14741,3.59095699772297,0.408813628894109,261
853.539703219612,889.209,14293,3.59399373961196,0.405776693032294,261
853.540061744435,599.733,878.5,3.59435226443497,0.405418145308545,261
653.561484783262,849.689,6108,3.60300106326201,0.39676879403703,265
753.578156329904,890.452,3166.5,3.626059729904,0.373708654516236,266
903.568724344403,889.209,28125,3.62620842440299,0.373559950519279,266
1003.56605322606,806.582,2965,3.62992442606003,0.36984371150163,266
1053.56359399993,322.633,4514,3.63065875992993,0.369109330726133,266
1103.57697631707,716.813,1667.5,3.64723463706991,0.352532394797208,270
803.597391507025,805.351,121282,3.648488467025,0.351278484753379,270
1003.58653771207,719.417,1452,3.65040891207002,0.349357917039356,270
953.597248210152,889.209,2523,3.65792585015197,0.341840498810825,273
1053.60299705135,777.021,1546.5,3.67006181135002,0.32970376242497,274
953.645065329077,796.733,1384.5,3.70574296907705,0.294020325554015,275
1053.63979782573,633.793,1803,3.70686258573005,0.292900637385173,275
1153.67857052301,690.761,1161,3.75202240300996,0.247737935509349,277
1053.68528647951,820.125,1518,3.75235123951006,0.247409078004694,277
1003.69422362137,889.209,549,3.75809482137004,0.241665129271723,279
1103.71023234905,836.122,9078,3.7804906690501,0.219267851050745,280
1153.73078138129,875.6285,866,3.80423326128994,0.195523742245996,281
353.945818396994,238.85,853,3.96817331699401,0.03157321482513,282
403.951019614638,293.327,4953.5,3.97656809463803,0.0231779009623096,283
503.948089651094,522.432,3379,3.98002525109399,0.0197205236795526,283
404.005506328157,232.841,1410,4.03105480815702,-0.0313122929107976,285
404.005990280477,133.77,931,4.03153876047702,-0.0317962761433819,285
354.019174967862,382.063,5167.5,4.041529887862,-0.0417880417143692,287
204.094601456546,200.5545,850,4.107375696546,-0.107638056317825,288
154.098655574124,243.358,1483,4.10823625412399,-0.108498668864172,288
1204.05505828142,866.731,2220,4.13170372142008,-0.131967635151341,290
254.11716072959,214.819,2698,4.13312852959001,-0.133392534331222,290
454.137045067776,328.292,1035,4.165787107776,-0.166053198593033,292
454.199992442345,387.72,2072,4.22873448234498,-0.229004593943159,293
454.201932508122,655.597,4240,4.23067454812201,-0.230944783642485,293
354.214306699565,220.826,1421,4.23666161956498,-0.236932237511326,295
354.225271634839,703.788,10197.5,4.24762655483897,-0.247897873173656,296
304.238531181527,673.827,2234131,4.25769254152698,-0.257964502829338,297
354.237919128304,378.5245,1099.5,4.26027404830398,-0.260546174500803,297
454.232004587461,267.375,618,4.260746627461,-0.261018783843895,297
354.25034354986,843.1815,3090,4.27269846986002,-0.272971389670261,300
404.254788401071,790.575,3443,4.28033688107098,-0.280610288786875,301
404.255629567933,643.336,1803.5,4.281178047933,-0.281451509378655,301
554.248652939207,325.462,782,4.28378209920697,-0.284055726987049,301
454.266207858055,720.719,2704,4.29494989805499,-0.295224239181437,304
404.275525262894,339.613,633,4.301073742894,-0.301348475182749,305
504.273046415134,311.205,2779,4.30498201513399,-0.305256997064703,305
354.293862505673,722.021,733,4.31621742567302,-0.316493125268721,307
454.290968638733,246.36,3246,4.31971067873297,-0.319986601461153,307
654.279843915516,198.302,644,4.32136019551604,-0.321636223607584,309
554.288648316381,390.551,1369,4.323777476381,-0.324053658877006,309
704.282943421086,195.299,988,4.32765326108597,-0.327929691148825,311
404.305616412963,720.719,956.5,4.33116489296299,-0.331441547332361,311
504.299985672,826.279,4203,4.33192127199999,-0.332197974683254,311
354.327193048876,866.9805,967,4.34954796887598,-0.349825797469464,314
404.328205361722,845.987,1406,4.35375384172198,-0.354031938966784,314
454.333274290799,855.8595,154561,4.36201633079901,-0.362294955812615,316
554.337072037182,789.343,44147,4.37220119718199,-0.37248047275682,317
654.341263951295,629.705,782,4.38278023129499,-0.38306018260846,318
704.359909721133,641.973,1652,4.40461956113302,-0.40490090743981,319
604.370064369796,831.833,1383,4.40838708979595,-0.408668676754701,319
704.374032665253,789.343,668,4.41874250525302,-0.419024753666918,321
654.378979109606,762.254,1774,4.420495389606,-0.420777749985859,321
754.392163715914,629.705,949,4.44006711591396,-0.440350726443285,323
804.403976618437,714.208,3753.5,4.45507357843701,-0.455358147508264,324
754.442631371518,783.7985,1000,4.49053477151801,-0.490821605682981,325
604.45463504565,620.1675,766.5,4.49295776564998,-0.493244754584339,325
654.464106770655,849.689,3031,4.505623050655,0.494089151412027,327
754.461851594139,871.299,1152,4.50975499413903,0.489956943999005,327
754.476205565596,632.43,975,4.52410896559604,0.475602055677996,329
904.48611110528,844.752,815,4.54359518527997,0.456114591306346,330
604.537258553807,793.04,552.5,4.57558127380696,0.424126459658964,331
654.552947632592,796.733,544,4.594463912592,0.405242614740018,332
804.557345306304,631.068,2957,4.608442266304,0.391263368156842,333
804.55807257654,889.209,5293,4.60916953653998,0.390536051466256,333
754.581512000346,890.452,953,4.62941540034603,0.370288894450027,335
1054.56566132316,321.218,2538.5,4.63272608315992,0.366978000165318,335
1054.56842835643,715.51,965.5,4.6354931164301,0.364210790150082,337
904.578511124427,980.529,3677,4.63599520442699,0.363708670082246,337
954.577348338964,890.452,1226,4.63802597896404,0.361677765828858,337
854.585219917105,889.2085,543,4.63951043710495,0.360193212867784,337
904.58848061247,885.4845,1663,4.64596469246999,0.353738545235387,341
804.596889341881,796.116,609,4.64798630188102,0.351716806693503,341
1004.5897766677,719.417,584,4.65364786769999,0.346054879240342,343
1004.60055077604,801.0425,838.5,4.66442197603999,0.335280082701161,344
304.661446318833,641.973,600,4.68060767883298,0.319093346041939,345
1054.62414560017,403.288,1513.5,4.69121036017009,0.308489987455459,346
1054.62495315146,786.8785,626.5,4.69201791145997,0.307682384583131,346
1004.63462301148,889.209,1030,4.69849421148001,0.301205670887612,348
1104.63377267626,764.715,2797,4.70403099625992,0.295668532444097,349
1054.6373115972,633.793,588,4.70437635720009,0.295323149443675,349
1004.67200360352,864.481,6732,4.73587480352001,0.263822691151859,351
1154.67706636227,795.503,1412,4.75051824226989,0.24917831704829,352
1204.70437356814,679.037,4223.5,4.78101900813999,0.218675602933217,353
1104.71349473489,836.122,3247,4.78375305488998,0.215941381545235,353
454.778798940272,891.694,602,4.80754098027199,0.192151936702771,355
404.951988909391,294.84,604,4.97753738939099,0.0221446690155744,356
355.019579639613,382.063,1195,5.04193455961303,-0.0422566145936685,357
205.092229494342,136.773,785.5,5.10500373434201,-0.105329817883842,358
455.202862040159,387.72,711,5.231604080159,-0.231938250333371,359
455.206411342532,203.5585,789,5.23515338253202,-0.235487779419088,359
255.226267742313,635.156,126485,5.24223554231301,-0.242570391575015,361
305.241685909505,672.524,418484,5.26084726950501,-0.261183307596241,362
405.252405301259,788.111,3468,5.27795378125899,-0.278290912033469,363
505.275815424916,294.096,764,5.307751024916,-0.308090058997777,364
505.276885338623,677.733,87522,5.308820938623,-0.309160041045857,364
405.284715586183,658.201,3078.5,5.31026406618298,-0.310603260786024,364
655.274934354773,198.302,691,5.31645063477299,-0.316790224544775,367
455.294156095374,246.36,909,5.32289813537398,-0.323238136981672,368
355.305803929192,784.414,16404.5,5.32815884919199,-0.32849918682922,369
555.293341578478,390.551,619,5.32847073847802,-0.328811096037271,369
405.312597244683,880.527,1247.5,5.33814572468299,-0.338486700234682,371
505.307038256812,839.2175,686,5.338973856812,-0.339314885260933,371
605.305922804968,267.375,563.5,5.34424552496796,-0.344586890146161,373
555.319699584125,543.256,4045,5.35482874412503,-0.355170785309269,374
455.34025476197,860.8205,1654,5.36899680197001,-0.36933974814292,375
655.328874489251,513.324,3403,5.370390769251,-0.370733804463953,375
505.347790353235,625.6205,744,5.37972595323498,-0.380069584735395,377
655.364848376369,793.04,4690.5,5.40636465636896,-0.406709989423916,378
655.373467688599,643.336,810,5.41498396859902,-0.415329852215109,379
605.3786391845,833.68,7488.5,5.4169619045,-0.417307914457297,379
705.374099338883,636.518,1352.5,5.41880917888295,-0.419155306835364,379
755.382548301657,639.245,1190.5,5.43045170165703,-0.430798573278935,382
705.386781468947,195.299,652.5,5.43149130894699,-0.431838246974053,382
805.404693686157,714.208,853,5.45579064615697,-0.456139136310981,384
705.413984957361,712.906,2748,5.45869479736098,-0.459043473018369,384
705.41694462211,599.733,1993.5,5.46165446211,-0.462003326816898,386
755.417705739546,844.7525,1600,5.46560913954602,-0.465958256859039,386
655.447036575648,868.2015,1642,5.48855285564798,-0.488903438497232,388
705.454505872615,859.5515,2698,5.49921571261496,-0.499566976557276,389
905.487179429333,845.987,1075,5.54466350933296,0.454982323734157,390
805.512593841962,881.1745,3082.5,5.56369080196203,0.435953815731295,391
655.541681314592,763.485,6208,5.58319759459198,0.416445777099511,392
755.537256779324,914.542,9325,5.58516017932402,0.414483067006813,392
805.549110570978,622.893,1165,5.60020753097797,0.399434754199092,394
855.546444326546,889.209,8083,5.60073484654595,0.398907404948773,394
805.553473572973,923.7945,7348,5.60457053297296,0.395071473516055,394
905.562206760044,880.527,4021,5.61969084004397,0.379950200631356,397
1005.56742485688,718.116,693,5.63129605688005,0.36834424250867,398
1055.56614415958,322.633,980,5.63320891958006,0.366431257624072,398
955.574674323766,794.8815,845,5.63535196376597,0.364288076550679,398
1005.58692451136,868.2145,580.5,5.65079571136005,0.348843342482837,401
805.603608983848,805.351,15506,5.65470594384794,0.3449328602278,401
955.601819972566,889.209,2081.5,5.66249761256597,0.337140693814717,403
1105.59304762551,719.417,737,5.66330594551005,0.33633230923806,403
855.627385652624,828.741,2107.5,5.68167617262395,0.31796090872092,405
1055.63017665856,403.288,785,5.69724141856,0.302394668550505,406
905.645220086236,797.964,3481,5.702704166236,0.296931571939695,407
1205.7102461631,679.037,2655,5.7868916031,0.2127387575797,408
156.008242997704,322.633,3200.5,6.017823677704,-0.0182080678751504,409
356.016219658212,382.063,2325.5,6.03857457821198,-0.0389602938527105,410
206.103714593532,204.3075,1911,6.116488833532,-0.116879525967562,411
156.114096376554,216.321,2254.5,6.12367705655399,-0.124068208139335,412
456.132668063048,769.523,1483,6.16141010304801,-0.161803664842296,413
406.171355489907,833.345,5970.5,6.196903969907,-0.197299798881886,414
456.178198409474,205.059,619.5,6.20694044947402,-0.207336919531826,415
356.191250766762,230.5895,808,6.21360568676198,-0.214002582563694,416
256.202013034011,541.955,1018,6.21798083401097,-0.218378009276478,416
356.209645084013,599.733,780,6.232000004013,-0.232398074756929,418
406.21648553332,241.035,1512.5,6.24203401331999,-0.242432724989044,419
256.238875921526,699.88,1723954,6.25484372152602,-0.25524325141879,420
406.235910484709,512.022,1282,6.26145896470899,-0.261858917152267,421
306.248765909248,704.4375,14285,6.26792726924799,-0.268327634856007,422
406.245761782061,689.458,781,6.27131026206098,-0.271710843758683,422
356.268438121157,779.486,18745.5,6.29079304115697,-0.291194867322531,424
506.270276263979,657.1255,1740,6.30221186397898,-0.302614419525071,425
506.274695995703,311.205,610,6.30663159570298,-0.307034433560716,425
356.289124530584,870.648,1764,6.31147945058399,-0.311882598099828,427
556.280384610801,686.852,888,6.31551377080098,-0.315917176010089,427
556.316448065911,400.459,582.5,6.351577225911,-0.351982934683406,429
756.307536544245,196.0495,651.5,6.35543994424495,-0.355845899749625,429
556.323190630894,544.558,1455,6.35831979089403,-0.358725930349692,431
656.329463420435,626.979,1317,6.37097970043499,-0.371386648545922,432
656.33247614568,512.022,1067,6.37399242567994,-0.374399566229499,432
556.352669048654,855.855,1847,6.38779820865398,-0.388206231051754,434
506.36665588572,892.296,1725,6.39859148571998,-0.399000197541397,435
656.360670000625,689.458,5822,6.40218628062496,-0.402595222064861,435
606.366329450283,848.455,1655.5,6.40465217028304,-0.405061269232419,437
756.386168460662,643.0605,10077,6.43407186066202,-0.434482838802296,438
456.414645940683,620.166,12516,6.44338798068299,-0.443799553893029,439
806.420234547964,791.807,21364.5,6.47133150796401,-0.4717448660748,440
556.44536659474,629.705,16046,6.48049575473999,-0.480909698219534,441
706.474450389948,598.372,4454,6.51916022994794,0.480423356868414,442
856.511042190881,859.5515,6063,6.56533271088097,0.434247926655189,443
806.517404921651,881.1745,1950,6.56850188165095,0.431078553453631,443
656.544385949268,763.485,1259,6.58590222926796,0.413677094384525,445
1006.53473666978,643.336,888,6.59860786978004,0.400970642295988,446
806.55660266884,629.705,866,6.60769962884001,0.391878302497389,447
856.557412249147,889.209,4906,6.61170276914697,0.387874906488719,447
1056.54810993729,663.41,1373,6.61517469729006,0.384402756575128,449
906.563493279659,892.9345,2093,6.62097735965904,0.37859972355966,450
856.571409714599,615.3995,835,6.62570023459898,0.373876546944757,450
806.57859204167,895.412,2566,6.62968900167004,0.369887525090007,452
1006.58179962118,719.417,2233.5,6.64567082118003,0.35390468473679,453
956.604234755792,802.275,2700,6.66491239579204,0.334661881063994,454
956.610678422449,887.965,1244,6.67135606244904,0.328217802815971,455
306.659052527504,625.616,520.5,6.678213887504,0.321359539715445,456
1056.64081815873,428.746,27408,6.70788291873009,0.291688613371662,457
1206.65708610071,779.486,1280.5,6.7337315407101,0.265838340303617,458
1006.67967446169,864.481,1692,6.74354566168995,0.25602359244408,459
1206.68000701691,779.486,637.5,6.75665245690993,0.242915960023993,460
1206.70494941162,679.037,723,6.78159485161996,0.2179719721114,461
1106.71603261433,874.9865,16000,6.78629093433005,0.213275589437899,461
1156.71781339052,791.807,831,6.79126527051994,0.208300935510806,463
456.780940988837,891.694,965,6.80968302883701,0.18988200075421,464
1056.77848928198,881.766,1121,6.84555404197999,0.15400869634027,465
556.956555913846,396.211,5932,6.99168507384604,0.0078683303137268,466
506.977876662689,499.011,907,7.00981226268902,-0.0102600164085516,467
357.016767946295,382.063,564,7.03912286629497,-0.0395724922375393,468
307.164932666431,214.819,662,7.18409402643101,-0.184552912446975,469
257.180087401369,257.1065,1136.5,7.19605520136901,-0.196514851408381,470
457.217685674356,506.819,835,7.246427714356,-0.246890581953778,471
257.231761616787,694.669,725,7.24772941678702,-0.248192367531374,471
307.251992247792,704.4375,3280,7.27115360779197,-0.271618054763053,473
407.249003425302,790.575,4985,7.27455190530202,-0.275016569340323,473
357.25881831631,888.2855,3626,7.28117323631,-0.281638323287666,475
507.258711000296,294.84,668,7.29064660029599,-0.291112292387481,476
357.276887870082,783.182,5273,7.29924279008202,-0.299709031257464,477
357.28477196925,689.458,7130,7.30712688925001,-0.307593634024499,478
407.284371977793,620.166,679,7.309920457793,-0.310387381007445,478
507.292384929424,682.943,2685.5,7.32432052942397,-0.324788372447074,480
457.301349174782,629.705,924,7.33009121478199,-0.330559426409252,481
507.327768954486,878.052,14079,7.35970455448597,-0.360174657673554,482
457.336271202068,885.4905,1366,7.36501324206802,-0.365483684349499,483
557.335415250195,396.211,899.5,7.37054441019495,-0.371015205781305,484
557.343786193097,829.3545,13873,7.378915353097,-0.379386683379721,485
557.34951886209,600.415,13718.5,7.38464802209,-0.385119718548594,486
657.344508696258,643.336,7446,7.386024976258,-0.386496760669843,486
707.346357715457,843.9815,1757,7.39106755545697,-0.391539661964998,488
457.364367594601,775.695,786.5,7.39310963460099,-0.39358187154744,488
607.379678104705,848.455,25565,7.41800082470502,-0.41847465158321,490
807.374393482165,640.609,849,7.42549044216503,-0.425964747444596,491
457.41745860577,620.166,3280,7.44620064576998,-0.44667627391965,492
557.448901099212,629.705,5378,7.48403025921198,-0.484508303738721,493
607.462778306583,666.015,1088,7.501101026583,0.498419838490236,494
657.463899906071,701.18,5091.5,7.50541618607099,0.494104403370102,494
757.483553387826,880.527,5850.5,7.53145678782596,0.468062138264486,496
1007.53660727766,643.336,735,7.60047847765998,0.399036039650809,497
757.553005669422,936.129,3570.5,7.60090906942196,0.39860542038457,497
707.563310013848,780.718,1292,7.60801985384796,0.391494181755206,499
807.55708128508,626.979,927,7.60817824508001,0.391335780405825,499
1057.54630279696,662.108,1065,7.61336755695993,0.386146137057267,501
1057.5558218613,838.585,1058.5,7.62288662130004,0.37662646468425,502
857.569079842724,598.372,538,7.62337036272402,0.3761426923611,502
907.566878929105,832.432,20664,7.62436300910497,0.375149982574612,502
857.581674353353,891.6935,7191,7.63596487335303,0.363547377254235,505
1007.57319472079,747.5685,1024,7.63706592078995,0.362446259487683,505
957.583655149888,882.384,1105,7.64433278988804,0.355178926216126,507
807.61886005227,885.481,1183.5,7.66995701226995,0.329553067079928,508
507.639279749055,797.3485,1081,7.67121534905499,0.328294649918234,508
1057.64424037717,434.403,18276,7.71130513717003,0.288202301056799,510
1207.66331292451,779.486,803,7.7399583645099,0.259547243483894,511
407.762420006031,892.935,1467,7.78796848603099,0.211534055302934,512
457.770144538451,889.209,641.5,7.798886578451,0.200615265486761,513
1107.7432241397,862.018,11076,7.81348245970003,0.186018451921655,514
1057.78943155063,883.004,544,7.85649631063006,0.143001853469968,515
1107.81533509104,885.481,819,7.88559341103996,0.11390289447445,516
507.961650783796,522.432,3135,7.99358638379601,0.0059030236371882,517
557.959290111219,396.211,658,7.99441927121904,0.0050700830132655,517
557.970098702257,625.616,3015,8.00522786225702,-0.0057391984264541,519
457.977371858142,470.671,2217,8.00611389814202,-0.00662529090726593,519
357.985008028493,265.874,3393,8.00736294849298,-0.00787442104166303,519
158.112006963722,212.5675,9368,8.12158764372199,-0.122106412405088,522
208.127594691582,211.7685,4462,8.140368931582,-0.14088889992513,523
458.168617487252,202.808,622,8.19735952725199,-0.19788313588532,524
308.196720529686,321.218,839,8.21588188968599,-0.216406681440446,525
358.211530194484,595.6465,2475.5,8.233885114484,-0.234411056199463,526
258.218008216502,624.254,4299,8.23397601650203,-0.234501964023877,526
358.212400998071,386.306,4997.5,8.23475591807102,-0.235281915409303,526
358.214811828369,232.839,746,8.23716674836902,-0.237692899699766,526
408.212270374062,223.8325,2522,8.23781885406197,-0.238345047046153,526
408.214247638606,387.72,1121.5,8.23979611860602,-0.240322437888494,531
308.239362254423,704.4375,1458.5,8.25852361442298,-0.259051129929503,532
458.231638269097,300.886,3543,8.260380309097,-0.260907943200436,532
508.238578449006,201.306,771,8.27051404900601,-0.271042330404896,534
458.253777083205,621.5295,504,8.28251912320502,-0.283048171431403,535
408.260697415355,728.531,888,8.28624589535502,-0.286775181629991,535
308.269334846801,789.343,285961.5,8.28849620680097,-0.289025636815211,537
508.261862026613,620.853,999,8.29379762661301,-0.294327395256914,538
358.272994397327,779.486,1075,8.29534931732701,-0.295879185085596,538
358.288202882055,688.154,2081,8.31055780205497,-0.311088641259801,540
408.285693071767,312.674,7465.5,8.31124155176701,-0.311772434646571,540
358.296665851639,819.342,67936,8.31902077163898,-0.31955215141835,542
508.295448154935,729.833,25107.5,8.327383754935,-0.327915668902278,543
508.32988801984,793.04,1785,8.36182361983998,-0.362357733663259,544
458.345023302307,871.294,4765,8.37376534230702,-0.374300218911173,545
558.338685234547,577.939,4818,8.37381439454703,-0.374349274284327,545
608.346713022543,628.341,707.5,8.38503574254298,-0.385571339047033,547
558.370433012725,883.004,8067,8.40556217272501,-0.406099080360605,548
658.376790261836,876.389,1538.5,8.41830654183605,-0.418844263521692,549
608.382587229261,848.455,8645,8.42090994926104,-0.42144783724018,549
758.376331003948,624.254,782,8.42423440394805,-0.424772504277598,551
458.420457784823,620.166,636,8.44919982482298,-0.449739519825812,552
708.432189340277,842.13,1319,8.47689918027697,-0.477440644583908,553
558.456557942614,635.839,1365,8.49168710261404,-0.492229511503638,554
658.476176889356,700.5295,36892,8.51769316935599,0.481762760609627,555
808.470469115385,847.22,1025,8.52156607538495,0.477889607197767,555
708.485965263838,607.907,3211,8.53067510383801,0.468779996902981,557
608.497056448251,673.1755,1047,8.53537916825098,0.464075632016602,557
908.517393405424,853.389,3261,8.57487748542394,0.42457479187749,559
758.537783318378,641.973,534,8.58568671837804,0.413764868480598,560
908.541418818577,640.609,774,8.59890289857697,0.40054784409449,561
758.556180870575,934.896,1753,8.60408427057496,0.395366141135014,562
808.55933582947,632.43,774,8.61043278947,0.389017216726415,563
908.564964881351,861.435,5525,8.62244896135098,0.377000277309094,564
1058.55838216533,680.339,1902.5,8.62544692532992,0.374002121834337,564
808.575250996948,892.308,2364,8.62634795694794,0.373101032662817,564
708.584090560385,710.302,3565,8.62880040038499,0.370648432575194,567
958.575437750607,881.766,913.5,8.63611539060696,0.363332975106232,568
858.5897474887,885.2525,3111.5,8.64403800870002,0.355409850953606,569
858.638008042309,783.183,1020,8.69229856230902,0.30714621468826,570
1158.61956857248,718.116,706,8.69302045247991,0.306424278406439,570
1108.62762852902,746.9875,3820,8.69788684902005,0.301557571023977,572
1058.64428408493,421.6745,6394.5,8.71134884492994,0.28809471522527,573
1058.64439143705,794.273,1253,8.71145619704998,0.287987356248095,573
408.769635054635,891.694,995,8.79518353463499,0.20425467055594,575
958.743107131745,886.496,677,8.80378477174497,0.195652884039532,576
1108.74545527491,862.018,3793,8.81571359490999,0.183723298917585,577
1058.80185408517,883.623,567.5,8.8689188451699,0.130514650157465,578
1108.82525743591,885.481,645,8.89551575591008,0.103916040532113,579
159.114868316533,212.5675,795,9.124448996533,-0.125031823265601,580
309.119152257943,192.294,600.5,9.13831361794303,-0.138897330282191,581
259.142036234854,202.808,504,9.158004034854,-0.158589004924067,582
359.197647582331,204.311,704.5,9.220002502331,-0.220591432570473,583
459.195509036812,202.8075,909,9.22425107681198,-0.224840278430406,583
359.210181647609,599.733,1267,9.23253656760897,-0.233126298465436,585
259.220355945851,624.254,662,9.236323745851,-0.236913718614517,585
359.215661013185,386.306,1015,9.23801593318501,-0.238606014037487,587
259.247017088206,699.88,3020,9.26298488820601,-0.263576563957429,588
459.235373723633,300.886,882,9.26411576363301,-0.264707511619406,588
409.25364011424,618.805,1247,9.27918859424,-0.279781305007646,590
309.262256570527,718.116,1692,9.28141793052697,-0.282010783694147,590
609.248911660691,198.302,730,9.28723438069096,-0.287827605385473,592
309.269720327249,807.811,101708.5,9.28888168724899,-0.289475017165671,592
459.268262595913,844.752,535,9.29700463591297,-0.297598484685295,594
509.272480181148,391.967,1292,9.30441578114801,-0.305010103309314,595
509.279716861836,675.129,7877,9.31165246183599,-0.312247246242293,596
409.288779051853,312.674,1578.5,9.314327531853,-0.314922487130161,596
359.294038760913,821.36,19371,9.316393680913,-0.316988768166027,596
409.307499302569,628.344,876.5,9.333047782569,-0.333643933607391,599
559.299057791147,217.824,569,9.33418695114699,-0.334783174950076,599
509.306694954667,789.3415,3914,9.33863055466702,-0.339227062306577,601
509.309918450817,544.558,857,9.34185405081701,-0.342450764358261,601
609.312426901656,662.489,7223,9.35074962165595,-0.351346903404306,603
609.322251950265,341.029,1210.5,9.36057467026501,-0.361172579591084,604
559.329688877997,852.154,15005.5,9.364818037997,-0.365416218369432,604
759.322609604737,367.913,1169,9.37051300473695,-0.371111548876911,606
509.343640752408,857.089,24145,9.37557635240802,-0.376175219970719,607
659.365326002579,843.518,1806,9.40684228257896,-0.407443147261688,608
709.371107526769,640.609,751,9.41581736676903,-0.416418804737759,609
709.374833572294,789.343,835,9.41954341229405,-0.420145088264917,609
759.377853708725,685.55,5064,9.42575710872495,-0.426359181597604,611
609.393051674776,870.648,5329,9.43137439477596,-0.431976826454161,612
559.41012563804,880.527,2898.5,9.44525479803997,-0.445858116332943,613
609.41712163063,880.527,830,9.45544435063005,-0.456048319783463,614
659.429693945383,870.668,2618,9.47121022538295,-0.471815201585969,615
609.44225299862,678.385,2607,9.48057571862,-0.481181293046575,616
509.448867959515,636.518,39515.5,9.48080355951498,-0.481409148495004,616
559.463845748616,641.973,1276.5,9.49897490861599,-0.499581658296052,618
759.461010738879,855.665,592,9.50891413887905,0.490478476569706,619
1009.44732725263,204.311,715,9.51119845262997,0.488194016907755,619
709.483951824739,880.527,1000,9.52866166473905,0.470729689331051,621
659.489061781704,684.8975,960,9.53057806170398,0.468813169955865,621
859.512312707907,854.623,6582,9.56660322790697,0.432785702635215,623
909.510981417453,848.4535,2038,9.56846549745296,0.43092331413618,623
859.521772974292,916.395,12347,9.57606349429204,0.423324831972877,625
759.533712134151,899.122,77760,9.58161553415096,0.417772437475946,626
709.579875782734,708.999,1532,9.624585622734,0.374799604166469,627
909.569702084798,889.209,6028,9.62718616479799,0.372198895992142,627
1009.56859511904,778.254,800,9.63246631903996,0.366918404478838,629
859.579360243764,892.935,3559.5,9.63365076376397,0.365733884098063,629
909.578382982382,794.2655,3553,9.63586706238198,0.363517443913338,629
1059.62117591218,790.5755,750.5,9.68824067217997,0.311140488736328,632
1009.63331169788,866.985,2273.5,9.69718289788,0.302197691849187,633
1159.62693790695,718.116,625,9.70038978694993,0.298990597938428,633
1109.63016116796,746.9875,1208.5,9.70041948796006,0.298960895031087,633
1059.64635051989,431.573,3412,9.71341527988989,0.28596427299135,636
959.67064361132,889.209,731,9.73132125131997,0.268057157812336,637
359.713848702825,183.288,586.5,9.73620362282497,0.263174474444497,637
1109.6761175588,681.642,6279,9.74637587879988,0.253001568713898,639
1009.69258386848,825.678,603,9.75645506848002,0.242921735222694,640
459.785252469857,892.935,592,9.81399450985703,0.185378618497793,641
1109.75021262769,862.018,788,9.82047094768996,0.178901766980744,642
209.941082557139,177.288,2168.5,9.953856797139,0.0455073974730738,643
559.976444380516,625.616,2120,10.011573540516,-0.0122130325770513,644
459.98476448835,469.441,1390,10.01350652835,-0.0141461438811348,644
410.095535303391,202.808,590,10.121083783391,-0.121730270449461,646
160.122282734242,213.3185,8464.5,10.131863414242,-0.132510589852387,647
310.1319111581,208.815,1752.5,10.1510725181,-0.151720920697301,648
360.150862639695,778.1435,2331,10.173217559695,-0.17386737681295,649
210.160945455644,228.3375,1918.5,10.173719695644,-0.174369544836054,649
260.179104960061,232.092,2270,10.195072760061,-0.195723973186034,651
310.176233495218,470.671,2771,10.195394855218,-0.196046088916944,651
310.212423533708,335.367,3097,10.231584893708,-0.232238439055777,653
360.21267230221,228.335,1115.5,10.23502722221,-0.235680987437547,653
360.227862625452,397.626,1816,10.250217545452,-0.250872280965666,655
360.227882041899,506.819,6914,10.250236961899,-0.250891698652879,655
460.226711694834,218.5125,764,10.255453734834,-0.256108804810708,657
410.230596551486,387.72,2073,10.256145031486,-0.256800145619422,657
460.2340237185,300.886,555.5,10.2627657585,-0.263421295534272,659
260.247945596449,672.524,2998.5,10.263913396449,-0.264569006788918,659
310.248371826479,618.805,1623.5,10.267533186479,-0.268189028034044,659
460.245825760494,628.341,893,10.274567800494,-0.275224091386974,662
310.27548395351,789.343,15380,10.29464531351,-0.295302886859702,663
310.284683540343,828.741,118248,10.303844900343,-0.30450306131894,664
360.295150870159,813.3525,3317,10.317505790159,-0.318164823728068,665
510.303300931576,738.2275,3648,10.335236531576,-0.335896697701173,666
410.310781580124,688.154,2158,10.336330060124,-0.336990296098634,666
560.317563880596,719.417,717,10.352693040596,-0.353354321760548,668
410.33579614322,865.713,504,10.36134462322,-0.362006457006828,669
510.330061423768,629.705,851,10.361997023768,-0.362658899227085,669
610.325222248507,661.156,3683.5,10.363544968507,-0.36420694284152,669
760.318077795835,609.268,792,10.365981195835,-0.366643325784139,669
560.336408824157,611.994,509,10.371537984157,-0.372200469047584,673
510.346900805013,857.089,5915,10.378836405013,-0.379499356092253,674
560.356354098136,855.234,5027,10.391483258136,-0.392147017036564,675
710.356068371356,624.2535,1068,10.4007782113559,-0.401442563974229,676
610.39970231411,854.623,1974.5,10.43802503411,-0.438691765879526,677
510.452089682212,636.518,8826,10.484025282212,-0.484694952260213,678
710.449616913098,680.339,1315,10.494326753098,-0.494997081155589,679
760.447365862116,851.9635,551,10.495269262116,-0.495939650376613,679
560.477091827639,652.874,959753,10.512220987639,0.487107541304226,681
710.469990442385,776.414,2664.5,10.514700282385,0.484628088192494,681
610.481010639838,863.652,3217,10.519333359838,0.479994714800455,683
610.482831837807,677.733,921.5,10.521154557807,0.478173400501873,683
660.485856385592,877.445,558,10.527372665592,0.471954895533486,685
660.496930764272,705.737,1317,10.5384470442719,0.460879809474477,686
810.498560474985,870.052,1042,10.549657434985,0.44966870269468,687
710.526136739947,887.965,3148.5,10.570846579947,0.428478204270164,688
760.537829761922,900.357,42488,10.585733161922,0.413590671410475,689
860.532314398816,942.297,16563,10.586604918816,0.412718858832818,689
810.546980650411,629.705,573,10.598077610411,0.40124543441641,691
910.543945547845,779.486,2140,10.6014296278451,0.397893202871273,691
1010.54975091532,679.037,1398,10.61362211532,0.385699936597803,693
910.561957441299,890.452,3345.5,10.619441521299,0.379880158902552,694
860.573811650105,891.073,1486,10.628102170105,0.371218956895291,695
810.582804909432,895.4045,3462.5,10.633901869432,0.365418887110764,696
1010.5877295119,794.273,787,10.6516007119,0.347718914124357,697
960.596058531102,883.004,984,10.656736171102,0.342583126893373,698
1010.60803801441,890.452,626,10.67190921441,0.327409114403054,699
810.639740022793,783.183,3856,10.690836982793,0.308480137003585,700
360.683797962028,360.838,3056,10.706152882028,0.29316325946121,701
1060.64417840847,434.403,1414.5,10.71124316847,0.288072647875651,702
1110.64616169001,786.261,2624,10.7164200100101,0.282895475663508,703
1060.65498878312,795.503,910.5,10.72205354312,0.277261582710025,704
1110.67168902206,682.943,2439,10.74194734206,0.257366513048055,705
1160.6785154422,794.273,741,10.7519673222,0.247345892878911,706
1210.68964864543,794.273,702,10.76629408543,0.233018214523099,707
1010.70418724077,890.452,764,10.76805844077,0.231253746484299,707
510.780121645997,697.275,799,10.812057245997,0.187252130821321,709
161.112230706928,199.804,613,11.121811386928,-0.122521795742102,710
361.185294522291,360.838,1313,11.207649442291,-0.208365334034909,711
361.189657982331,201.306,635,11.212012902331,-0.212729072792172,711
311.21592833526,360.838,644.5,11.23508969526,-0.235807339757741,713
361.230965596061,506.819,1647,11.253320516061,-0.254039325057533,714
411.233591351565,387.72,666,11.259139831565,-0.259859012271932,715
411.242694096657,644.7,30223,11.268242576657,-0.268962338804329,716
361.251257765632,780.718,615,11.273612685632,-0.274332790796507,717
511.264313059637,706.394,1755,11.296248659637,-0.296970210680684,718
311.277117945306,789.343,1352,11.296279305306,-0.297000858307229,718
411.275235622392,719.417,1219,11.300784102392,-0.301505943138409,718
311.287708844887,828.741,24383,11.306870204887,-0.307592434384901,721
411.295411237266,611.994,1755,11.320959717266,-0.321682846735428,722
511.293517023359,299.375,1264,11.325452623359,-0.326176039814072,722
361.30495414202,837.362,11567,11.32730906202,-0.328032597055596,724
461.304627717896,654.235,3426,11.333369757896,-0.334093680060278,725
461.313199843289,852.156,2389.5,11.341941883289,-0.342666353000141,726
661.317443516611,624.9415,788,11.358959796611,-0.359685353346094,727
461.331692101174,740.108,4516,11.360434141174,-0.361159792083299,727
511.330740512554,789.3415,1797,11.362676112554,-0.363401906669822,727
511.342839955923,871.9015,1277,11.374775555923,-0.375502122894261,730
611.336907892805,643.336,4792,11.375230612805,-0.375957208843147,730
611.338801467417,795.503,7053,11.3771241874171,-0.377850904407751,730
561.350094345806,848.455,1166,11.385223505806,-0.385950740143016,733
661.347290919665,367.913,84836,11.3888071996651,-0.389534662911501,733
711.354382364319,611.994,591,11.399092204319,-0.399820324522921,735
661.371485070084,848.455,3972,11.413001350084,-0.413730358738462,736
661.388100294391,716.813,1017.5,11.429616574391,-0.430346644347651,737
761.391840482652,720.719,1740.5,11.439743882652,-0.440474599493314,738
711.406133514721,849.689,1134.5,11.450843354721,-0.451574780544092,739
711.428501571149,698.577,1597,11.473211411149,-0.473944265737941,740
511.454070814649,636.518,1680,11.486006414649,-0.486740086522445,741
761.441812673396,784.414,574,11.489716073396,-0.490449982224959,741
711.451592424946,783.183,7469,11.4963022649461,-0.497036594469705,743
661.456841212085,884.242,603.5,11.498357492085,-0.499091952886943,743
561.480177047828,654.235,374365.5,11.515306207828,0.483958248766157,745
711.478206459624,885.481,1308,11.5229162996239,0.476347670873452,746
611.485565058283,672.524,14579,11.523887778283,0.475376130160953,746
811.495135790585,879.287,10467,11.546232750585,0.453029730567437,748
911.495680180138,848.455,754,11.553164260138,0.44609777826247,749
611.514899948075,184.789,502.5,11.553222668075,0.446039366594505,749
761.541130927111,900.357,10209,11.589034327111,0.410225420078973,751
911.546769171321,892.935,18689,11.604253251321,0.395005523755913,752
811.555859696559,900.357,20707,11.606956656559,0.392301945837175,752
911.557087507774,788.111,4605,11.614571587774,0.384686528216207,754
861.564875080978,918.858,7563.5,11.619165600978,0.380092221568248,754
961.59021412192,862.644,3657,11.65089176192,0.348364034108954,756
311.669208196921,641.973,1026,11.688369556921,0.31088384520325,757
1111.62685925776,720.719,1018,11.6971175777601,0.30213526558191,758
811.646256682281,783.183,2247.5,11.697353642281,0.301899185982393,758
961.689081553189,878.052,4897,11.749759193189,0.249490287655021,760
1111.68010926156,681.642,1619,11.7503675815599,0.248881860423353,760
461.77178315217,889.209,706,11.80052519217,0.198721045981699,762
1161.72713480018,818.2785,513,11.80058668018,0.19865955404407,762
311.907499532418,383.476,848,11.926660892418,0.0725772887805078,764
461.938889725181,372.16,20335.5,11.967631765181,0.0316037989915685,765
212.140284019502,211.816,2422.5,12.153058259502,-0.153834539498632,766
462.185619337017,420.261,2080,12.214361377017,-0.215141572767379,767
412.190016559066,339.613,1568,12.215565039066,-0.21634531170065,767
312.21856558627,624.2555,718.5,12.23772694627,-0.238508634502693,769
462.214040628897,804.5845,1287,12.242782668897,-0.24356468006539,770
312.228078887742,506.819,4305,12.247240247742,-0.248022543639479,770
362.243211778216,306.8,1027,12.265566698216,-0.26635016472062,772
362.243440669699,396.211,3161,12.265795589699,-0.266579070824093,772
512.248428178257,607.227,1875,12.280363778257,-0.28114818992924,774
412.258756453905,213.277,2595.5,12.284304933905,-0.285089597319711,774
362.263124098019,834.574,2130,12.285479018019,-0.286263756428582,776
412.279186628827,826.279,9291,12.304735108827,-0.305521077224853,777
662.268987281711,845.987,1465,12.310503561711,-0.311289898570408,778
312.300337422015,869.414,45526,12.319498782015,-0.320285693446579,779
412.295587711165,617.443,1445,12.321136191165,-0.321923207186558,779
612.288113555687,518.5315,956,12.326436275687,-0.327223630252888,781
362.310673802397,844.147,1332,12.333028722397,-0.333816498057331,782
412.310438856684,783.1825,977,12.335987336684,-0.336775301326668,782
562.302324108629,689.458,635.5,12.337453268629,-0.338241326908474,782
562.305377286519,780.718,16845,12.340506446519,-0.341294699821105,785
462.326236551815,735.043,1706,12.354978591815,-0.355767769529393,786
462.330203521869,871.938,9532,12.358945561869,-0.359734992974722,786
562.329668641006,234.3435,865,12.364797801006,-0.365587605925157,788
412.350056904861,881.766,1267,12.375605384861,-0.376395880117514,789
762.332818795635,628.341,1384,12.380722195635,-0.38151301772939,790
512.356888741728,834.1175,2193.5,12.388824341728,-0.389615681349028,791
662.350275946974,367.913,30347,12.391792226974,-0.392583756169643,791
712.365151728333,632.4315,959,12.409861568333,-0.410654251712799,793
712.380463248465,809.043,1447,12.425173088465,-0.4259667498726,794
762.392681981677,720.719,932,12.440585381677,-0.44138002754903,795
812.396621955266,639.245,874,12.447718915266,-0.448514016794434,796
662.44765298619,599.733,2334,12.4891692661899,-0.489967015371121,797
512.477196298689,700.531,886312,12.509131898689,0.490069077011071,798
712.467238747651,886.723,1429.5,12.511948587651,0.487252208132304,798
562.483094060478,655.597,76672,12.518223220478,0.480977174511281,800
862.477103725664,848.455,528.5,12.531394245664,0.467805308022321,801
612.497157717178,699.876,1634,12.535480437178,0.463718855501838,801
662.512878844566,727.228,15594,12.554395124566,0.444802959932872,803
812.514498556423,884.868,4744,12.5655955164229,0.433601852647712,804
812.534512116193,628.341,581.5,12.585609076193,0.413587014505879,805
762.546756007234,632.43,4141,12.594659407234,0.404536105372586,806
712.558310966343,662.108,3480,12.603020806343,0.396174172176757,807
962.55176528878,703.135,1269.5,12.61244292878,0.386751447899087,808
712.568365268496,871.265,1088.5,12.613075108496,0.386119227802396,808
912.557559037441,892.935,12084,12.615043117441,0.384151093150194,808
812.576388346582,884.269,2286,12.627485306582,0.371708109261021,811
1012.56767844205,718.116,672.5,12.63154964205,0.367643514182532,811
762.592351196165,922.214,39831,12.6402545961651,0.358938004035963,813
862.59261723496,891.07,8505,12.64690775496,0.352284420268575,814
262.633464468714,626.979,1102.5,12.649432268714,0.349759745260656,814
1062.58728210852,720.719,524,12.65434686852,0.344844831533237,816
962.598091280448,879.294,1256,12.658768920448,0.340422497145369,816
1012.59798131641,795.503,1168,12.66185251641,0.337338704217814,818
912.61341172016,794.273,2410,12.67089580016,0.328294842825585,819
1062.6385959013,796.733,4496,12.7056606613,0.293527761070436,820
1112.66407218908,796.733,1037,12.7343305090799,0.264856081995958,821
962.676270373128,866.955,3683,12.736948013128,0.262238410754094,821
1162.69461331268,801.0425,6519,12.7680651926801,0.231119243583407,823
462.77946449765,891.694,1654.5,12.80820653765,0.190975334573807,824
1212.82221222655,818.8915,717,12.8988576665499,0.100318415307584,825
412.931924485409,848.455,907,12.957472965409,0.0416993723799237,826
462.941349327161,372.16,1541,12.970091367161,0.0290801646240197,827
312.971864979402,210.317,4695,12.991026339402,0.00814385515576532,828
512.965444303006,701.182,1291,12.997379903006,0.00178988571610716,829
163.062244846545,201.306,931,13.071825526545,-0.0726604930578958,830
263.114422836096,219.324,1108,13.130390636096,-0.131229343471659,831
213.118104902583,199.804,1171,13.130879142583,-0.131717881162132,831
363.132846463507,691.3015,16183.5,13.155201383507,-0.156041675676079,833
413.192667829296,339.613,595,13.218216309296,-0.219060626561031,834
313.231494420885,283.812,4655,13.250655780885,-0.251502170230424,835
363.246654678186,396.211,932.5,13.269009598186,-0.269857159886669,836
413.255285817512,720.719,4040,13.280834297512,-0.281682614518559,837
563.251212381143,287.131,644,13.286341541143,-0.28719020992628,838
363.267106438977,826.279,508,13.289461358977,-0.290310227039583,838
463.266804531327,774.558,5068,13.295546571327,-0.296395828084201,840
613.265697560621,322.633,4259,13.304020280621,-0.304870078638714,841
413.281617356215,826.279,2450,13.307165836215,-0.308015835156027,841
563.281996483986,606.545,591,13.3171256439859,-0.317976279112486,843
413.292321371146,790.575,2391,13.317869851146,-0.318720533808914,843
313.303431521235,868.181,11706.5,13.322592881235,-0.323443865582817,845
513.292675962729,680.339,1491,13.324611562729,-0.32546267602072,845
613.286996807308,252.362,681,13.325319527308,-0.326170685821126,845
413.302998505662,628.344,883,13.328546985662,-0.329398350329939,848
363.318890445088,858.322,2890,13.341245365088,-0.342097540868508,849
463.319701227402,751.181,1799,13.348443267402,-0.349295902950416,850
613.318347794486,660.805,14301,13.356670514486,-0.357523675552216,851
463.32843327218,873.116,5683,13.35717531218,-0.358028505490267,851
463.329325376102,401.874,810.5,13.358067416102,-0.358920666395647,851
663.323358480183,193.797,620.5,13.3648747601829,-0.365728445297577,854
513.335645229675,802.889,1495,13.367580829675,-0.368434687640729,854
713.341966120679,625.616,789,13.386675960679,-0.387531038351426,856
563.352683147135,828.741,2575,13.3878123071351,-0.388667457391875,856
613.353545854062,848.455,1966,13.391868574062,-0.392723983414044,858
663.359672947745,382.062,10829.5,13.401189227745,-0.40204523245643,859
713.37662078072,793.6565,846.5,13.42133062072,-0.422187911968535,860
663.448274814079,599.733,1314,13.489791094079,-0.490652758259444,861
713.456848267289,879.3065,3665,13.501558107289,0.497579476909209,862
513.480395634715,701.182,282764,13.512331234715,0.486805661346693,863
713.492755075379,979.296,4421,13.537464915379,0.461670375261974,864
613.510558301197,728.531,101518,13.548881021197,0.450253540236986,865
663.516361793125,728.531,2620,13.557878073125,0.441255913619557,866
713.541811627756,886.723,1977,13.586521467756,0.412610689383769,867
763.548288991897,632.43,2022,13.596192391897,0.402939147509869,868
813.545499636658,641.2895,9686,13.5965965966579,0.402534916930222,868
713.557021276929,663.41,794,13.601731116929,0.397400068690217,870
813.552415910848,895.412,4655,13.603512870848,0.395618200961167,870
863.553405628354,987.927,9498.5,13.607696148354,0.39143465624727,872
863.557905346547,681.642,3017,13.612195866547,0.386934650633407,872
963.557149452071,718.116,30992,13.617827092071,0.381303065413363,874
763.577473012446,784.414,1960,13.625376412446,0.37375326282347,875
913.579649016902,888.5895,13323,13.6371330969019,0.361995827405963,876
863.592849693448,894.175,21523,13.647140213448,0.351988071652613,877
913.601242405888,679.037,3534,13.658726485888,0.34040105913607,878
1013.60348516237,795.503,621,13.66735636237,0.331770631418294,879
963.60999427777,881.7745,73216,13.6706719177701,0.328454864236278,879
913.616544656662,795.503,1283,13.674028736662,0.325097830926552,881
1063.63336951686,817.659,2781.5,13.7004342768601,0.298690604067133,882
963.664721656875,854.623,2008.5,13.725399296875,0.27372398940463,883
1113.68763245742,421.675,6206,13.75789077742,0.241230433457304,884
1163.69547182097,794.273,3432,13.7689237009699,0.23019680517632,885
463.786477520458,891.694,1421,13.815219560458,0.183897988527235,886
1013.79057613239,937.362,661,13.85444733239,0.144667710910312,887
1213.7840364364,805.351,644,13.8606818763999,0.138432768667144,888
1063.80264246933,671.222,1128.5,13.8697072293301,0.129406839240119,889
463.935253411098,372.16,714.5,13.963995451098,0.0351125947855735,890
813.942121094885,818.894,5305,13.993218054885,0.0058881243965061,891
713.949498857007,769.635,15932,13.994208697007,0.00489741899707496,891
663.953388055914,703.788,7062,13.994904335914,0.00420173565578352,891
613.956721134422,641.973,7240,13.995043854422,0.00406220823617787,891
563.960600275669,624.254,10211.5,13.995729435669,0.0033765831974506,891
463.968125007977,468.212,5850,13.996867047977,0.00223889822410683,891
513.964934705878,575.218,9760.5,13.996870305878,0.00223564011503186,891
413.972177559496,342.444,8119,13.997726039496,0.00137985183681621,891
363.975575707551,267.375,13397,13.997930627551,0.00117525071362934,891
263.982364066794,210.316,1868,13.998331866794,0.000773985841419744,900
313.989852725885,255.0875,5033,14.009014085885,-0.00990891557933082,901
364.024033727114,199.804,4891,14.046388647114,-0.0472858641188623,902
464.102180253806,829.654,1811,14.130922293806,-0.131824910421244,903
214.137660843701,227.587,3071,14.150435083701,-0.151338946701145,904
264.171104977979,294.84,1906,14.187072777979,-0.187978981222102,905
314.182284180372,237.346,1122,14.201445540372,-0.202352661679356,906
214.19185401545,553.0185,4123,14.20462825545,-0.205535580054146,906
364.18959749899,514.625,1091,14.21195241899,-0.212860211427085,908
314.199457139671,631.068,753,14.218618499671,-0.219526717905921,909
464.191495582772,202.808,607,14.220237622772,-0.221145944428883,909
314.233522127112,760.931,32385,14.252683487112,-0.25359388125753,911
364.233896063962,837.353,1377,14.256250983962,-0.25716160598239,911
314.24398990376,372.1575,24408,14.26315126376,-0.264062326537669,913
414.240813133177,672.524,20337,14.266361613177,-0.267272881016652,913
364.244416818324,689.458,4996.5,14.266771738324,-0.267683032360537,913
514.241912767027,822.279,890,14.273848367027,-0.274760113085108,916
364.258607973926,397.626,1909.5,14.280962893926,-0.281875094426596,917
414.25786214301,211.816,596,14.28341062301,-0.284322979859894,917
414.260910846927,813.9675,3988,14.286459326927,-0.287371878513738,919
514.259056157449,396.211,948.5,14.290991757449,-0.291904598546012,919
614.269209270786,322.633,1433.5,14.3075319907859,-0.308445888394999,921
514.276715508389,238.85,1946,14.308651108389,-0.309565077481921,921
514.276860086119,300.886,3638,14.308795686119,-0.309709664446927,921
464.296839448136,341.029,1241,14.325581488136,-0.326496538661729,924
314.306555918977,868.181,1102,14.325717278977,-0.32663233817641,924
464.308353646332,853.389,14352,14.337095686332,-0.338011472330379,926
464.310299792627,547.161,1240,14.339041832627,-0.339957742935951,926
364.327000074275,869.4245,25485,14.349354994275,-0.350271563340073,928
514.319462538664,616.7615,1820,14.351398138664,-0.352314838235429,928
614.322293148975,664.713,1588,14.3606158689749,-0.361533157331564,930
564.328687078545,223.828,688.5,14.363816238545,-0.364733731326169,930
414.346213709614,878.052,5215,14.371762189614,-0.372680189944958,932
664.336783940074,643.336,15612,14.378300220074,-0.379218638023531,933
564.347923895862,795.503,1137,14.383053055862,-0.38397177740012,933
664.350135614778,367.913,2695,14.391651894778,-0.392571165569393,935
614.354175960475,845.987,1832,14.392498680475,-0.393418005355102,935
714.374123629174,640.609,624.5,14.418833469174,-0.41975447619609,937
714.382006096187,791.8075,1254,14.426715936187,-0.427637446703898,938
664.406671762668,849.689,2077.5,14.448188042668,-0.449110924721708,939
764.402981015729,844.752,1773,14.450884415729,-0.451807470014273,939
664.412080878097,672.524,2999,14.453597158097,-0.454520385659293,941
764.407597418629,722.021,662,14.455500818629,-0.456424167788327,941
814.405468584667,641.973,745,14.456565544667,-0.457488961835907,941
614.450511769332,613.357,7798,14.488834489332,-0.489759967688883,944
714.44816617982,871.882,1716,14.49287601982,-0.493801756330754,944
664.464875357887,597.008,2366.5,14.506391637887,0.492681762288498,946
514.483093464052,699.88,70674,14.515029064052,0.484043784405344,947
764.472245995545,708.999,1036,14.520149395545,0.47892312584986,948
864.514265435868,868.8225,1665,14.568555955868,0.430513473544124,949
964.51001918087,849.689,815,14.57069682087,0.428372471793864,949
814.520874712957,886.109,4857,14.571971672957,0.427097538275234,949
664.537829488167,783.183,172256.5,14.5793457681669,0.419722972043019,952
764.543189597683,625.617,697.5,14.5910929976829,0.407974992169329,953
814.548613734665,641.2895,5120,14.599710694665,0.399356744729516,954
864.551675849162,896.651,11794,14.605966369162,0.393100670649574,955
864.557598204274,987.927,3379,14.611888724274,0.387177937245497,956
814.563041386873,897.8845,2450.5,14.614138346873,0.384928170951298,956
864.561885141036,681.642,1437.5,14.616175661036,0.382890726654182,956
764.571043927315,786.878,4000,14.618947327315,0.380118883334148,959
964.560298137537,718.116,8668,14.620975777537,0.378090303544354,959
914.576583540279,891.694,7551,14.634067620279,0.364997624557304,961
1014.57755380964,732.438,702,14.64142500964,0.357639765241061,962
764.602642007152,923.4435,6182,14.650545407152,0.348518785160991,963
1064.58594752141,719.417,1212,14.6530122814099,0.346051753330812,963
914.599019775176,677.733,1750.5,14.656503855176,0.342559956539503,965
314.656692230277,625.616,1001.5,14.675853590277,0.323208985468796,966
914.620234443346,795.503,879,14.677718523346,0.321343933276694,966
1014.62107889464,887.965,598,14.68495009464,0.314111900063949,968
1064.63492776877,817.044,802,14.70199252877,0.297068377343749,969
1114.63868336923,679.037,1569,14.70894168923,0.290118773004224,970
1114.69062184697,428.746,3602,14.7608801669701,0.238176977679359,971
1164.70135670178,815.1975,1777,14.77480858178,0.224247673188074,972
1114.71729333441,892.935,500,14.78755165441,0.211503786590583,973
1214.71206560149,775.174,687,14.7887110414899,0.210344325454571,973
414.768769315908,891.694,907.5,14.794317795908,0.204737212903467,975
714.953473934581,769.635,1940,14.998183774581,0.000858212234106759,976
614.959989775976,643.336,839,14.9983124959761,0.000729482616861787,976
664.957186800822,705.09,1100,14.998703080822,0.000338872822226222,976
814.947703361606,818.894,803.5,14.998800321606,0.00024162582678855,976
564.963681056579,624.254,1136,14.998810216579,0.000231730221798898,976
464.971088365342,468.212,548.5,14.999830405342,-0.00078852370597815,976
514.96795792958,576.578,1145,14.99989352958,-0.000851651976063295,976
414.97532793702,342.444,745,15.00087641702,-0.00183460219824383,976
364.979116354258,267.375,1016,15.001471274258,-0.00242949743289955,976
365.026389395259,201.306,813,15.048744315259,-0.0497055580126471,985
165.0782624023,160.833,3860,15.0878430823,-0.0888068224982987,986
215.115448035666,204.311,1339,15.128222275666,-0.129188595096565,987
315.166066644574,783.6685,6430,15.185228004574,-0.186197965261499,988
215.195001313696,553.669,593,15.207775553696,-0.208746954614497,989
415.189083761441,201.3055,830.5,15.214632241441,-0.215604080332355,990
315.211087490874,251.6125,635.5,15.230248850874,-0.231221687280595,991
365.22767986446,635.156,5236,15.25003478446,-0.251008884698706,992
465.231696844574,816.434,2759,15.260438884574,-0.261413649377516,993
365.252647770985,842.286,3203.5,15.275002690985,-0.275978386055669,994
415.256005609737,657.2485,3903.5,15.281554089737,-0.282530203280089,995
415.261718323267,868.223,2677,15.287266803267,-0.288243281711345,996
415.272282348078,784.414,5376,15.297830828078,-0.298807981302332,997
515.271870542278,519.83,1249.5,15.3038061422779,-0.30478367717717,998
615.266886839095,321.218,543,15.305209559095,-0.306187183637917,998
515.290088900921,322.633,489725,15.322024500921,-0.323003199522873,1000
415.304358514587,848.455,295245.5,15.329906994587,-0.330886196685469,1001
565.297042287822,643.922,3267.5,15.332171447822,-0.333150794563039,1001
465.306995065236,316.973,1026,15.335737105236,-0.336716679734366,1003
465.318052926979,865.102,2686,15.346794966979,-0.347775247801394,1004
365.334047546155,880.527,6206,15.356402466155,-0.357383360659071,1005
615.334509111453,768.405,543019.5,15.372831831453,-0.373813775387362,1006
515.349289728379,622.891,749.5,15.3812253283789,-0.382207808450289,1007
665.340681485105,643.336,3736.5,15.382197765105,-0.383180307291013,1007
615.356934482432,839.2095,8792.5,15.395257202432,-0.396240578793254,1009
715.35254239741,624.258,1561,15.39725223741,-0.398235741204644,1009
665.36582270289,780.72,5878,15.40733898289,-0.408323130978374,1011
715.36325557414,707.696,1420.5,15.40796541414,-0.408949602241933,1011
665.368377574255,384.185,668.5,15.409893854255,-0.410878165536474,1011
765.362690554397,641.973,582,15.410593954397,-0.411578310397545,1011
565.386860970786,858.3175,30915,15.421990130786,-0.422975214720509,1015
715.389591607463,793.04,1287,15.434301447463,-0.435287317786219,1016
615.453880534243,595.646,2562,15.492203254243,-0.49319282306044,1017
615.476828302055,807.193,9065,15.515151022055,0.483857943332509,1018
515.486053293233,703.788,7405,15.517988893233,0.481019890884681,1018
765.471113193534,794.273,815,15.519016593534,0.479992124938917,1018
665.478235065965,601.7765,815,15.519751345965,0.479257325575531,1018
565.511222892138,746.0435,365114,15.546352052138,0.452654920274881,1022
765.523726310703,987.927,40276,15.571629710703,0.427375647092504,1023
915.518806248716,641.973,582,15.576290328716,0.42271473138112,1023
815.525668677302,887.965,24574,15.5767656373019,0.422239392434676,1025
665.540952450133,783.183,69008,15.582468730133,0.416535935317029,1026
765.54299956327,703.1365,1394,15.59090296327,0.408101163441074,1027
815.560027315332,920.094,3549,15.611124275332,0.387878559737146,1028
815.561906634847,648.787,35160,15.613003594847,0.385999120180031,1028
965.555275611668,718.116,3942,15.615953251668,0.383049274948803,1028
865.566111128081,905.293,16945.5,15.620401648081,0.37860059439322,1031
765.578894438991,793.652,893,15.626797838991,0.372203994924803,1032
865.577073259559,682.943,3519,15.631363779559,0.367637762706067,1032
765.590928445454,905.293,642,15.638831845454,0.360169219786258,1034
815.596751544464,794.273,3131.5,15.647848504464,0.351151984834587,1035
1115.58959118622,838.585,937.5,15.6598495062201,0.339150216511143,1036
1015.63341226087,888.587,566,15.69728346087,0.301713870756885,1037
1115.64639089427,684.247,1758.5,15.7166492142701,0.282346880364003,1038
1115.66803268101,322.633,1773.5,15.7382910010099,0.26070371124888,1039
965.682897164088,853.389,1157,15.743574804088,0.255419570666618,1040
1115.69026750144,427.332,1902,15.7605258214401,0.238467470563364,1041
1165.69589378473,815.8125,721.5,15.7693456647301,0.229647063903485,1042
415.76738791734,887.351,1055,15.79293639734,0.206054824428861,1043
1015.8086923376,705.09,2582.5,15.8725635375999,0.126422597963142,1044
515.905448463219,547.161,13446,15.937384063219,0.0615979319147755,1045
315.965176014659,231.3385,21948,15.984337374659,0.0146416213189013,1046
615.961881340214,641.973,706,16.0002040602139,-0.00122607772505035,1047
515.970973363978,575.218,1070,16.002908963978,-0.00393115426561508,1047
116.083298931386,133.77,2862,16.089686051386,-0.0907137845842811,1049
466.105564435261,803.836,9680,16.134306475261,-0.135337058601294,1050
266.153331602953,590.197,4154,16.169299402953,-0.170332221476372,1051
216.171385805842,309.3945,1241,16.184160045842,-0.185193813593116,1052
316.198766277275,210.316,854.5,16.217927637275,-0.218963561940484,1053
266.204344711305,618.125,573,16.220312511305,-0.22134858830492,1053
266.204532720301,390.553,1448,16.220500520301,-0.221536609310135,1053
316.202335007963,370.744,1311.5,16.221496367963,-0.222532520582092,1053
366.205130953339,614.718,26434,16.227485873339,-0.228522408539391,1057
466.202479585604,206.561,1322.5,16.231221625604,-0.232258399426712,1057
316.225808930654,647.3075,8316,16.244970290654,-0.246007942676499,1059
416.220358602678,573.447,1748,16.245907082678,-0.246944794538365,1059
366.229839329512,702.485,32868,16.252194249512,-0.253232362966912,1061
366.236459053007,231.2495,5733,16.258813973007,-0.259852509298639,1062
316.248757686664,502.265,1696,16.267919046664,-0.268958164544756,1063
566.24372949482,202.808,1278,16.2788586548199,-0.279898471471142,1064
416.25363821536,719.417,3457,16.27918669536,-0.280226532964946,1064
416.264702100565,852.154,3980,16.290250580565,-0.291291124878683,1066
366.273039168502,882.54,26935,16.295394088502,-0.296434961358727,1067
466.274521317583,540.654,548,16.303263357583,-0.304304733091442,1068
516.272695229585,487.3005,3653,16.304630829585,-0.305672292441159,1068
516.274759494991,390.551,1507,16.306695094991,-0.307736689702665,1068
516.288860685627,304.0525,145631.5,16.320796285627,-0.321838781056158,1071
416.307857843752,641.291,4540,16.333406323752,-0.334449624650858,1072
416.310904354313,849.689,651,16.336452834313,-0.337496329808516,1072
566.301745034056,628.341,1473,16.336874194056,-0.337917716465995,1072
516.308859339921,616.7615,584,16.340794939921,-0.3418387127698,1075
466.313698748935,899.763,174582,16.342440788935,-0.343484666912843,1075
666.307962973853,199.804,1547,16.349479253853,-0.350523581414791,1077
466.326535416682,404.702,870,16.355277456682,-0.356322154605607,1078
616.337381126365,749.806,179491.5,16.375703846365,-0.37674984902992,1079
616.345958196259,590.8795,537,16.3842809162589,-0.385327466786634,1080
516.353598601886,881.766,8956,16.385534201886,-0.386580832467757,1080
566.352741345625,820.745,1779.5,16.387870505625,-0.388917285438652,1080
516.361323404107,789.343,1402.5,16.393259004107,-0.394306128112589,1083
666.353900376315,687.503,6049,16.395416656315,-0.396463918141194,1083
766.355283558388,643.336,645,16.403186958388,-0.404234716544465,1085
616.378322778289,845.3695,992,16.416645498289,-0.417694116113466,1086
566.450613101218,616.081,567,16.485742261218,-0.486795292617444,1087
566.465492993978,827.517,744,16.500622153978,0.498323864165172,1088
616.462792731798,595.646,931,16.501115451798,0.497830534835657,1088
616.465223542377,699.88,2531,16.503546262377,0.495399568987978,1088
516.487834724027,703.788,1018,16.519770324027,0.479174471021452,1091
666.481381294985,598.372,4322,16.522897574985,0.476047020309352,1091
666.482763825596,875.022,673,16.5242801055959,0.474664401388964,1091
916.479911946569,633.793,1534,16.537396026569,0.461547642632809,1094
716.49462762853,877.619,2507,16.53933746853,0.459606076661657,1094
566.514236120032,745.428,73589,16.549365280032,0.449577624630365,1096
616.53783181148,789.343,46287,16.57615453148,0.42278666201139,1097
916.527197896777,879.287,5635,16.584681976777,0.414258672021447,1098
666.543928415538,783.183,17785,16.5854446955379,0.413495904541719,1098
966.525980209666,847.22,1481,16.586657849666,0.412282672923084,1098
966.553454417299,717.4645,2271,16.614132057299,0.384806710367343,1101
816.563805966387,650.149,17966,16.614902926387,0.384035792039867,1101
966.564020753089,631.068,989,16.624698393089,0.374239699649706,1103
766.581581620874,892.935,7570,16.629485020874,0.369452766117661,1103
866.57581550519,682.943,1751,16.63010602519,0.368831722134701,1105
816.579126534594,910.228,947,16.630223494594,0.368714245227352,1105
766.584266107921,800.426,2539.5,16.632169507921,0.366768107598205,1105
866.579064582673,905.293,8424.5,16.633355102673,0.365582437115904,1105
916.586894699702,870.0605,647.5,16.644378779702,0.354558055946427,1109
1016.58471014476,719.417,657.5,16.64858134476,0.350355222448457,1109
916.591466035279,957.9305,13119,16.648950115279,0.349986428374109,1109
816.599484836472,795.503,1179,16.650581796472,0.348354642957133,1112
1116.59167446343,838.585,1303,16.6619327834301,0.337002930951485,1113
1066.59916626317,769.635,1028,16.66623102317,0.332704416660363,1113
1066.60563248281,326.877,620.5,16.67269724281,0.326237783988745,1115
1116.6165790032,769.635,625,16.6868373232001,0.312096800397057,1116
566.663989197455,805.351,503,16.6991183574549,0.299814981687746,1117
1016.64937611055,629.705,1252,16.7132473105499,0.285685126101953,1118
1216.64796327572,688.154,2215.5,16.72460871572,0.274322995218881,1119
1016.67721112486,886.723,520,16.74108232486,0.257848333822494,1120
1116.67173393233,321.218,1388.5,16.74199225233,0.256938348230733,1120
966.691829046364,885.481,630.5,16.752506686364,0.246423242584228,1122
1116.68746998416,788.111,2929.5,16.7577283041601,0.24120129125572,1123
1166.69034732292,796.7335,687,16.7637992029199,0.235130004715529,1124
1016.8149600877,702.485,1795,16.8788312877,0.120090572228946,1125
516.908338454936,547.161,1184,16.940274054936,0.0586438803189822,1126
316.967761924003,247.7475,1156,16.986923284003,0.0119916715194108,1127
417.026805185082,447.13,989.5,17.052353665082,-0.0534428889434935,1128
267.156289051991,590.197,603.5,17.172256851991,-0.173353734702062,1129
217.174188258712,325.462,709.5,17.186962498712,-0.188060320750367,1130
317.205287795146,383.476,1032,17.224449155146,-0.225549371655006,1131
267.225653532608,629.705,2134,17.241621332608,-0.242722645994661,1132
317.226326058183,673.031,1426,17.245487418183,-0.246588978516968,1132
417.222996016166,573.447,648,17.248544496166,-0.249646251771651,1134
417.244857840125,717.4635,994.5,17.270406320125,-0.271509472160858,1135
767.230832127354,326.877,576,17.278735527354,-0.279839211420153,1136
467.261301568538,701.181,5265,17.290043608538,-0.291148014911073,1137
467.272670163004,781.9505,2796,17.301412203004,-0.302517335549226,1138
517.27599229263,487.3005,1316.5,17.30792789263,-0.309033441366751,1139
417.284530794656,705.09,4369,17.310079274656,-0.311184960812909,1139
517.278969190917,387.72,581,17.310904790917,-0.312010529803956,1139
567.278112080349,618.805,562,17.313241240349,-0.31434712847738,1142
417.290094426661,639.245,2122.5,17.315642906661,-0.316748948196448,1142
567.281421481538,294.84,500.5,17.316550641538,-0.317656741055202,1142
517.291492555503,322.633,42790,17.3234281555031,-0.324534694323461,1145
367.305781679314,720.719,4314,17.328136599314,-0.329243438887545,1145
617.294919843963,399.043,511,17.333242563963,-0.334349729681549,1147
417.313963074479,849.689,586,17.339511554479,-0.340619120630947,1148
517.311774622589,632.43,21433,17.343710222589,-0.344818056932127,1148
467.315830329764,877.2405,47288,17.344572369764,-0.345680259176959,1150
367.349561308249,890.452,7443,17.371916228249,-0.373025864258636,1151
617.336733955117,779.489,1210,17.375056675117,-0.376166511723568,1151
617.339811507997,689.458,10150,17.378134227997,-0.379244261182976,1153
817.330903185349,432.2805,1495,17.382000145349,-0.383110425471614,1153
667.344036016517,641.973,1843,17.3855522965169,-0.386662803534136,1155
517.357249218056,847.22,601.5,17.389184818056,-0.390295557101581,1155
717.356818079903,643.336,1065,17.4015279199029,-0.402639447367733,1157
567.36706444352,842.286,1800,17.40219360352,-0.403305173505373,1157
617.380787576135,860.785,2972,17.419110296135,-0.420222946678905,1159
667.382331775312,783.1825,3422,17.423848055312,-0.424961008481432,1159
667.401472663874,519.83,1917,17.442988943874,-0.444103119673173,1161
667.450837869387,869.435,618,17.492354149387,-0.493471478402512,1162
717.473587828054,873.733,1104,17.5182976680539,0.480583345781042,1163
667.484042384852,599.733,1762,17.525558664852,0.47332188518476,1164
817.484307533488,854.6225,2292,17.535404493488,0.463475427643743,1165
917.484025212392,632.43,892.5,17.541509292392,0.457370238793942,1166
867.491700800403,844.752,945,17.545991320403,0.452887924492188,1166
567.516969787732,747.8885,5471.5,17.552098947732,0.446779907036785,1168
967.520796750111,845.987,896,17.581474390111,0.417402588293157,1169
767.538324753012,855.855,19409,17.586228153012,0.412648521744245,1169
917.529209358497,876.818,2998,17.586693438497,0.412183206538998,1171
667.547846809494,783.183,3285,17.589363089494,0.409513385017362,1171
967.54505510232,631.068,645,17.60573274232,0.393142686575175,1173
767.558769382682,690.761,2311.5,17.606672782682,0.392202586167741,1173
817.572590427318,654.235,6599,17.623687387318,0.37518689471915,1175
967.564689599501,725.277,1851,17.625367239501,0.373506935235127,1175
817.575857785712,891.694,23529,17.6269547457119,0.371919327621754,1175
917.57204101716,889.209,6303,17.62952509716,0.369348811991813,1178
867.576717270439,891.694,25193,17.631007790439,0.36786602400548,1178
867.591161495815,719.958,4821,17.645452015815,0.353420876000428,1180
1117.59682458144,575.218,1340.5,17.6670829014399,0.331788608696797,1181
1017.65301834644,629.705,705.5,17.71688954644,0.28197878228309,1182
1217.6539200193,689.458,1857,17.7305654592999,0.268301995870615,1183
967.679979923397,891.694,779,17.740657563397,0.258209247137415,1184
1117.6717656458,321.9255,571,17.7420239657999,0.256842757455161,1184
1067.68512619773,860.206,602,17.7521909577299,0.246675116105735,1186
1117.69163160691,788.111,1564,17.76188992691,0.236975527401228,1187
417.746515181524,890.452,1281,17.772063661524,0.226801142937177,1188
517.902187340964,547.161,4869,17.934122940964,0.0647315119152836,1189
417.985202219522,342.444,1830,18.010750699522,-0.0119011412622285,1190
367.988738348349,267.375,2239.5,18.011093268349,-0.0122437319708411,1190
318.042179075757,400.455,7369,18.061340435757,-0.062494108930764,1192
168.077376252302,229.837,3161,18.086956932302,-0.0881122417366385,1193
218.084741524063,198.302,708,18.097515764063,-0.0986717479459287,1194
318.114986852628,223.831,865,18.134148212628,-0.135306536418852,1195
1118.09868635331,575.218,1707,18.1689446733101,-0.170105219734523,1196
318.153849166805,130.874,663.5,18.173010526805,-0.174171332937078,1196
368.158454243626,625.616,1954,18.180809163626,-0.181970467898168,1198
418.161074871667,329.708,1185,18.186623351667,-0.187785027322036,1199
318.177105102896,204.242,1002,18.196266462896,-0.197428754507484,1200
368.178898172314,207.272,1377,18.201253092314,-0.202415702447809,1200
268.201558594944,515.926,4427,18.217526394944,-0.218690044539585,1202
268.201925005971,400.459,673,18.217892805971,-0.219056478971197,1202
418.193990298485,208.815,685,18.219538778485,-0.220702556622143,1202
318.214233726652,639.9255,3896,18.233395086652,-0.234559749864729,1205
368.217855315421,345.273,2078,18.240210235421,-0.241375333953215,1206
368.22056473968,633.793,4578,18.24291965968,-0.244084931277484,1206
518.220171984935,223.828,618.5,18.2521075849349,-0.253273443413718,1208
418.228051917464,611.3125,3386.5,18.253600397464,-0.254766351296553,1208
268.238330145999,685.55,36496.5,18.254297945999,-0.255463944387657,1208
318.237628064968,754.873,7843,18.256789424968,-0.257955582500585,1208
468.231052305789,623.573,837,18.259794345789,-0.260960695261758,1212
518.237752072877,510.722,677,18.269687672877,-0.270854654288883,1213
418.245481795873,754.873,1551,18.271030275873,-0.272197343043899,1213
468.260071097298,779.253,2146.5,18.288813137298,-0.289981340354188,1215
368.289229324759,790.575,1541.5,18.311584244759,-0.312753902326051,1216
418.288809073344,639.245,633,18.314357553344,-0.315527388056921,1216
618.277161444234,631.068,767,18.315484164234,-0.316654070909522,1216
468.28990709226,540.654,867,18.31864913226,-0.319819241098742,1219
518.288150992758,428.0945,3986,18.320086592758,-0.321256793414932,1219
518.291250818978,321.218,9471,18.323186418978,-0.324356817637181,1219
418.304417238399,749.951,1910,18.329965718399,-0.331136550087876,1222
368.307840449075,720.719,1219.5,18.330195369075,-0.331366215432809,1222
518.310544550053,610.632,3582.5,18.342480150053,-0.343651781104654,1224
468.313972341031,883.004,15720,18.342714381031,-0.343886027044164,1224
418.328816353603,874.9705,46802,18.354364833603,-0.355537223792112,1226
618.342011391558,770.865,6634,18.380334111558,-0.381508160542012,1227
568.353179315433,793.04,572,18.388308475433,-0.38948303378163,1228
718.361810628712,640.609,533,18.406520468712,-0.407696190356887,1229
668.401165250764,786.878,1934,18.442681530764,-0.443859562206853,1230
668.40490483555,517.227,727,18.44642111555,-0.44759938586003,1230
768.405705876995,637.883,1490,18.4536092769949,-0.454788006450599,1232
668.442621778549,718.116,2305,18.484138058549,-0.485318738039155,1233
768.448189135129,689.458,924,18.496092535129,-0.497273978214821,1234
568.466189648493,610.632,3388,18.501318808493,0.49749941459163,1235
768.469049300602,856.707,2772,18.516952700602,0.481864523863351,1236
618.481206209204,605.183,1787,18.5195289292039,0.479288130704049,1236
618.481780609354,705.09,1616,18.520103329354,0.478713693864051,1236
868.47974111756,632.43,1313,18.53403163756,0.464784495983508,1239
668.497962219891,879.3405,5175,18.5394784998909,0.459337285732772,1240
568.518904737861,729.833,1548,18.554033897861,0.444780958032538,1241
568.538621270125,805.351,591403,18.573750430125,0.425063166369569,1242
868.523932012501,865.1105,1539.5,18.5782225325009,0.420590778336873,1242
618.548809956584,797.9625,3824,18.587132676584,0.411680065115775,1244
918.532472294447,718.116,1589,18.589956374447,0.408856186888329,1244
718.559565738308,891.6885,3565,18.604275578308,0.394536068384127,1246
818.579284896737,651.511,3040.5,18.630381856737,0.368428122409227,1247
968.576326495578,848.455,1485,18.637004135578,0.36180542056843,1248
918.583876061355,884.868,9207,18.641360141355,0.357449136550372,1248
1068.57682871808,327.5845,6854.5,18.6438934780799,0.354915638007697,1250
868.592851841256,892.935,16246,18.647142361256,0.351666547308355,1250
868.600641618516,743.799,2142,18.654932138516,0.343876272474176,1252
768.617813434086,781.95,878,18.665716834086,0.333090888028778,1253
1118.59908784167,575.218,1117,18.6693461616701,0.329461328620255,1253
1018.61590896475,796.733,139611,18.67978016475,0.319026659065571,1255
1068.61574446153,769.635,1035,18.6828092215301,0.315997408803469,1255
368.660815847228,626.979,622.5,18.683170767228,0.315635840011851,1255
1168.6098869615,716.813,2802,18.6833388415,0.315467755003965,1255
668.647891046769,904.684,43743,18.689407326769,0.309398882108781,1259
918.66202766751,799.194,4403,18.71951174751,0.279292538439563,1260
1168.67859396116,797.964,719,18.75204584116,0.246756366665295,1261
1118.69358270545,787.4955,798,18.7638410254499,0.234960428954537,1262
418.754401324105,891.694,1958,18.779949804105,0.218850621346803,1263
1218.71374982776,680.339,2357.5,18.79039526776,0.208404490484781,1264
1068.8329262653,757.333,590,18.8999910253001,0.0988017324850716,1265
468.985269386852,468.212,727,19.014011426852,-0.0152259521518658,1266
319.042875870521,382.063,1921,19.062037230521,-0.0632548234825094,1267
219.109761514754,187.791,4024,19.122535754754,-0.123757212075674,1268
169.113650354635,214.0695,990.5,19.123231034635,-0.124452536367869,1268
469.18264827998,199.804,715,19.21139031998,-0.212617452911843,1270
269.205278637458,515.926,743,19.221246437458,-0.222474199952103,1271
419.216369718796,599.733,666,19.241918198796,-0.243147281704637,1272
369.223487940527,208.78,1403,19.245842860527,-0.247072194124485,1272
369.233749741414,741.339,1000,19.256104661414,-0.257334650486939,1274
269.241142348959,685.55,7249,19.257110148959,-0.258340202257727,1274
419.2610785126,788.111,781,19.2866269926,-0.287858931295375,1276
569.272054175111,622.2155,640,19.3071833351109,-0.308416586848466,1277
369.285083396888,698.577,20436.5,19.307438316888,-0.308671584912531,1277
519.290798116097,428.7095,855,19.322733716097,-0.323967961119479,1279
519.292241198569,319.803,1752,19.3241767985689,-0.325411135768718,1279
419.299968615998,702.485,9850,19.325517095998,-0.326751518809601,1279
369.30668825274,791.808,650,19.32904317274,-0.330277820780736,1282
519.299908785732,633.793,1749,19.331844385732,-0.333079212701023,1282
469.308970440041,312.674,696.5,19.337712480041,-0.338947681836203,1284
719.304902843588,366.497,605,19.349612683588,-0.350848645512087,1285
419.324471882468,879.3115,58827.5,19.350020362468,-0.351256350432607,1285
419.336001083581,793.04,1262.5,19.361549563581,-0.362786287976576,1287
619.325710543224,640.6085,3576,19.364033263224,-0.365270146266539,1287
769.316915253993,204.311,5482.5,19.364818653993,-0.366055587202482,1287
519.340001747206,862.025,1782.5,19.371937347206,-0.373174735124053,1290
569.348410774798,848.455,31544,19.383539934798,-0.384778063834688,1291
669.342673585942,719.417,4170,19.3841898659419,-0.385428036493181,1291
669.344269318595,633.795,1694,19.385785598595,-0.387023871074121,1291
669.36537380568,818.2785,649,19.4068900856799,-0.408129706214027,1294
769.392416431904,640.609,847,19.440319831904,-0.441561587772412,1295
719.39588369943,842.284,2380,19.44059353943,-0.441835312781564,1295
769.420051322087,639.245,500.5,19.467954722087,-0.469198243141932,1297
719.431380037575,617.443,601,19.476089877575,-0.477333918265117,1298
669.448134515257,716.813,1015,19.489650795257,-0.490895702154489,1299
619.451408925313,890.7445,1570,19.489731645313,-0.490976557374893,1299
819.450451258263,639.245,629,19.501548218263,0.497206114888172,1301
569.469649962216,632.43,1909.5,19.504779122216,0.493975004560411,1301
769.460369028948,865.7295,2488,19.508272428948,0.490481474692274,1303
619.48419954311,605.183,721,19.52252226311,0.476230730318207,1304
819.521892831991,842.284,2725,19.5729897919909,0.425759977809662,1305
569.541944078496,805.351,211253,19.577073238496,0.421676270473426,1305
919.531518462588,718.116,991,19.589002542588,0.409746204393741,1307
619.555191594551,802.889,3398,19.593514314551,0.405234144240012,1307
719.553681361075,926.829,5439.5,19.5983912010749,0.400356946203601,1309
1069.53774248983,321.218,4022,19.6048072498299,0.393940487621649,1310
919.556378961386,885.481,4708,19.613863041386,0.384884117624438,1311
969.564818191107,633.793,2569,19.6254958311069,0.373250584855896,1312
919.572071596143,736.347,1746,19.629555676143,0.369190480495945,1312
969.571485369245,887.965,1497.5,19.632163009245,0.366582980849785,1314
869.584082720033,884.2425,5016,19.638373240033,0.360372353381649,1315
819.591440352318,883.004,61702,19.642537312318,0.356208015115385,1315
819.592242919113,766.571,9558,19.643339879113,0.355405397056188,1315
1019.61927872325,796.733,87438.5,19.68314992325,0.315592810041494,1318
1169.61541172685,716.813,1560.5,19.68886360685,0.30987876147833,1319
669.651151395709,879.0525,13912,19.692667675709,0.306074449633343,1319
969.652367564951,751.181,1204,19.713045204951,0.285695618771001,1321
919.659310831706,799.194,1713,19.716794911706,0.281945672502502,1321
1119.65891361869,795.503,2541,19.7291719386899,0.269567854932575,1323
419.753123350462,882.4085,3410,19.778671830462,0.220064801340982,1324
1219.72813906322,681.642,913,19.8047845032199,0.193950460628685,1325
469.974824317351,575.218,1684.5,20.003566357351,-0.00484409074891801,1326
419.978881427631,468.212,1435,20.004429907631,-0.00570769618838085,1326
419.978933280891,133.77,734.5,20.004481760891,-0.00575955276053719,1326
369.982313146119,342.444,2663.5,20.004668066119,-0.00594586988881929,1326
419.979164199538,231.339,1131.5,20.004712679538,-0.00599048615754327,1326
319.985863259738,243.2975,5235,20.005024619738,-0.00630244628280252,1326
219.99247392723,210.316,1430,20.00524816723,-0.00652600805398151,1326
519.977698816886,599.736,909.5,20.009634416886,-0.0109125378828594,1333
320.040450575559,382.063,1393.5,20.059611935559,-0.0608932488838718,1334
170.093235407287,199.804,1316,20.102816087287,-0.104100160289164,1335
370.109640014265,199.805,686.5,20.131994934265,-0.133280871074135,1336
270.119616691193,314.7965,1377.5,20.135584491193,-0.136870657286124,1336
220.129831009949,195.299,4137,20.142605249949,-0.143891864495032,1338
270.181780394048,288.791,1202,20.197748194048,-0.199038330865051,1339
270.217928947893,591.5645,117006.5,20.233896747893,-0.235189193709004,1340
320.23329621929,552.368,30207,20.25245757929,-0.253751210684356,1341
420.235665779322,225.33,1637,20.261214259322,-0.262508450051712,1342
320.24520156925,785.647,4770,20.26436292925,-0.265657321101912,1342
270.254151234803,768.4145,159107,20.270119034803,-0.271413794327714,1344
370.255542518231,781.334,3973,20.277897438231,-0.279192694603466,1345
570.261735210214,626.3005,3723,20.2968643702141,-0.298160838104536,1346
620.265783456555,195.299,1340,20.304106176555,-0.305403107017924,1347
370.288140148084,699.88,4577,20.310495068084,-0.311792406639142,1348
570.309760197337,722.021,3885,20.344889357337,-0.346188892837063,1349
370.324190793351,793.04,7700,20.346545713351,-0.347845354651213,1349
420.321012394178,708.999,791,20.346560874178,-0.347860516446644,1349
520.324644038437,806.582,915.5,20.356579638437,-0.357879920656956,1352
620.323637979687,629.0235,554,20.361960699687,-0.363261325623739,1353
570.329472336042,400.459,2160,20.364601496042,-0.365902290660415,1353
770.318798581319,204.311,1561.5,20.366701981319,-0.368002910106497,1353
720.333647583439,770.865,532,20.378357423439,-0.37965909672107,1356
670.342356868734,704.4365,4192.5,20.383873148734,-0.385175174334677,1357
620.359561468321,820.13,772,20.397884188321,-0.399187108880596,1358
720.359704722775,641.973,908.5,20.4044145627749,-0.405717900464083,1359
670.363948048877,843.518,2282,20.405464328877,-0.4067677336202,1359
770.379208141826,794.273,6391.5,20.427111541826,-0.42841632929094,1361
770.380280534801,641.973,4125.5,20.428183934801,-0.42948879076539,1361
570.405361896115,883.004,3442.5,20.440491056115,-0.441796698200278,1363
770.413434176092,663.6995,904.5,20.461337576092,-0.462644549754486,1364
670.426339341747,680.339,1769.5,20.467855621747,-0.469163011751675,1365
520.444710368733,632.43,1434.5,20.476645968733,-0.477953920223399,1366
570.479072998375,610.634,1326,20.514202158375,0.484487491222353,1367
820.478985369173,643.336,1862.5,20.530082329173,0.468606306074093,1368
720.487347277678,892.935,904,20.5320571176781,0.466631391428905,1368
570.544757187086,805.351,55661,20.579886347086,0.418799106915571,1370
870.535062063471,719.417,2498.5,20.5893525834709,0.409332265872081,1371
770.541625837502,780.718,1685.5,20.589529237502,0.409155600557142,1371
720.552324600738,909.607,2373,20.597034440738,0.401649917924374,1373
720.556794826028,725.927,902,20.6015046660279,0.397179407097497,1373
920.546099612997,888.5875,4868.5,20.6035836929969,0.395100247329992,1375
1070.53754478858,322.633,1949.5,20.6046095485799,0.394074326220107,1375
770.564416808772,899.702,600.5,20.612320208772,0.386363173507561,1377
970.568607400309,632.43,700,20.629285040309,0.369397258337244,1378
870.576032177267,868.827,3231,20.630322697267,0.368359535098534,1378
670.590413629416,849.0775,3509,20.631929909416,0.36675222028839,1378
1020.56927942546,427.33,5223.5,20.63315062546,0.365531426270877,1378
820.595084659278,883.004,29503,20.646181619278,0.352499600094575,1382
1020.58635213337,720.719,574,20.65022333337,0.348457627836751,1382
870.608996552252,978.062,5716.5,20.663287072252,0.335393054504834,1384
920.618798786783,804.121,1505.5,20.676282866783,0.322396429863829,1385
1120.60976063025,716.813,7037,20.6800189502501,0.318660107753431,1385
320.673724714436,641.973,540,20.692886074436,0.305792161676322,1387
1170.62696141612,716.813,1118,20.7004132961199,0.298264459189113,1388
1120.6518691034,796.733,2842,20.7221274234,0.276548944912975,1389
1170.66526873544,797.964,988.5,20.7387206154399,0.259954692978226,1390
1120.69055999506,795.503,899,20.7608183150601,0.237855581861368,1391
470.776628180441,890.452,734,20.805370220441,0.193300830715032,1392
1220.83055487953,876.818,568.5,20.9072003195299,0.0914642272000492,1393
570.971272069897,602.458,3975.5,21.0064012298971,-0.00774301965293489,1394
171.133210957814,243.358,577,21.142791637814,-0.14414213954538,1395
371.123435141625,211.816,2008,21.145790061625,-0.147140754881605,1395
271.221121759995,591.5645,1447,21.237089559995,-0.238446085032592,1397
271.221271819956,406.117,988,21.237239619956,-0.238596154578715,1397
321.236570964965,552.368,7537,21.255732324965,-0.257090040814433,1399
371.236441249511,211.816,1661,21.258796169511,-0.2601540810644,1399
271.256778408023,785.647,26594.5,21.272746208023,-0.274105010638948,1401
671.245696671383,397.626,656,21.287212951383,-0.288572678066316,1402
371.272292244499,783.183,1338,21.294647164499,-0.296007366044648,1403
421.272061020747,815.6795,17689.5,21.297609500747,-0.298969891512741,1403
521.270558225164,640.609,1361.5,21.302493825164,-0.303854527917338,1405
521.27193249001,545.9525,1173.5,21.30386809001,-0.305228880544973,1405
521.275698655243,451.003,2268.5,21.307634255243,-0.308995286342679,1407
371.291976265468,705.09,860,21.314331185468,-0.315692644336082,1408
521.307915977595,748.721,32706.5,21.339851577595,-0.341214666585302,1409
571.322734995022,842.284,15182.5,21.357864155022,-0.35922839457055,1410
771.31274033179,204.311,1913,21.36064373179,-0.362008148884797,1410
621.323620191749,662.108,109732.5,21.361942911749,-0.363307411829396,1410
571.330616766553,400.459,810,21.365745926553,-0.367110669551948,1413
671.324411038516,306.8,644,21.365927318516,-0.367292073101453,1413
471.34457821487,858.318,508,21.37332025487,-0.374685481681297,1415
521.342905612142,844.752,1469,21.374841212142,-0.37620653610486,1415
671.342669614888,688.154,1123,21.384185894888,-0.385551815745089,1417
671.366911408184,820.13,24084,21.408427688184,-0.409795157492567,1418
621.375148973191,850.922,5595.5,21.413471693191,-0.414839484686695,1419
771.382241290281,794.273,2481,21.4301446902809,-0.431513546768997,1420
721.385981485307,640.609,776.5,21.430691325307,-0.432060216711534,1420
771.387492964155,641.973,1815,21.4353963641549,-0.436765556095111,1422
571.409036983972,884.242,793.5,21.444166143972,-0.445535896084266,1423
721.412948151149,396.211,1696,21.4576579911489,-0.459028605056687,1424
771.417639008142,688.154,3610.5,21.465542408142,-0.466913525669156,1425
671.433792174985,680.339,891,21.475308454985,-0.476680196321126,1426
721.447141735173,774.558,39757,21.491851575173,-0.493224373205521,1427
671.463231869642,759.793,5047.5,21.504748149642,0.493878228553172,1428
721.466307409568,689.458,2410,21.511017249568,0.487608728186615,1429
571.48532328171,612.679,552,21.5204524417099,0.478172933369137,1430
771.479782526636,866.3485,4355.5,21.527685926636,0.470938986402189,1431
821.482023534768,641.973,659.5,21.533120494768,0.46550407113557,1432
821.496993465722,866.3465,1912,21.548090425722,0.450533183973221,1433
871.511847992648,849.689,3336,21.566138512648,0.432483944220508,1434
971.513344489595,874.967,729,21.5740221295951,0.424599823705194,1435
771.534951938111,906.526,125534,21.582855338111,0.415766050965544,1436
571.547767873938,805.351,6837,21.582897033938,0.415724352475308,1436
871.543848769709,890.452,6159,21.598139289709,0.400481123100917,1438
821.553759532874,916.395,21050.5,21.604856492874,0.393763490872743,1439
1071.53873847853,321.218,898.5,21.6058032385299,0.392816684743138,1439
621.572351659182,827.51,2585,21.610674379182,0.387945232945526,1441
921.56287690498,887.965,4874,21.62036098498,0.378258008412786,1442
671.586236090312,828.741,1291,21.627752370312,0.370866150954043,1443
1071.56268448458,633.793,586,21.6297492445799,0.368869149135207,1443
821.579427511141,376.403,1262,21.630524471141,0.368093873056409,1443
1021.58036846684,444.9435,3492,21.64423966684,0.354377801295414,1446
971.599132908491,889.209,1007,21.659810548491,0.338805925049996,1447
921.619534854008,805.351,1114.5,21.6770189340079,0.32159644034266,1448
1021.61824094456,799.194,11305,21.6821121445599,0.316502904460322,1449
1121.61426041154,716.813,5504,21.68451873154,0.314096163758904,1449
1071.64183100131,795.503,847,21.70889576131,0.289717576899193,1451
1121.64891047902,795.503,1367,21.7191687990201,0.27944388299602,1452
1071.66372841067,779.486,901,21.73079317067,0.26781876883615,1453
421.776787142761,891.694,546,21.802335622761,0.19627174695097,1454
471.784940230679,891.694,1637,21.813682270679,0.184924374262721,1455
1121.79756908018,874.35,1381.5,21.86782740018,0.130775786226422,1456
571.973885042161,602.458,530,22.009014202161,-0.0104200341011165,1457
322.002689948968,235.845,1993,22.021851308968,-0.0232579608818924,1458
421.998708882526,342.444,1674.5,22.024257362526,-0.0256641681272072,1458
472.052785329387,223.828,708,22.081527369387,-0.0829378331258681,1460
222.124016951104,208.815,714,22.136791191104,-0.138205184835016,1461
172.127623668413,229.0855,26184,22.137204348413,-0.138618368534537,1461
422.155735709939,205.811,520.5,22.181284189939,-0.182701025672714,1463
422.181271220713,207.313,2318,22.206819700713,-0.208238167534603,1464
472.179042543054,766.477,566,22.207784583054,-0.209203111507748,1464
372.204714871617,338.198,1392,22.227069791617,-0.228489551918926,1466
272.212863414873,390.551,4843,22.228831214873,-0.23025108768627,1466
322.209912067547,569.889,705,22.229073427547,-0.230493315831666,1466
422.203937198916,617.4445,2322,22.229485678916,-0.230905593533294,1466
322.215971945125,807.814,929,22.235133305125,-0.236553580486031,1470
472.212999840386,525.035,924,22.241741880386,-0.243162577871601,1471
272.229367824228,598.3705,41148.5,22.245335624228,-0.246756551265037,1471
522.218323255953,195.299,3868,22.250258855953,-0.251680097462895,1473
372.248491461477,617.443,4720,22.270846381477,-0.272268938020716,1474
272.259394564321,786.878,3452,22.275362364321,-0.27678520932443,1474
472.246704222941,394.796,895.5,22.275446262941,-0.276869113303462,1474
422.252203001612,851.788,2547,22.277751481612,-0.279174479221012,1477
472.264031167402,673.827,1961,22.292773207402,-0.29419716452793,1478
572.26440179069,633.793,696.5,22.29953095069,-0.300955339468715,1479
372.293540994029,820.741,4016,22.315895914029,-0.317321348124324,1480
422.300023609829,582.024,534,22.325572089829,-0.326998141992703,1481
772.280612319123,196.8,1176,22.3285157191229,-0.329941959311782,1481
622.302838854424,675.131,21268,22.3411615744239,-0.342588622370386,1483
522.310803824037,747.49,8466,22.3427394240369,-0.344166572768927,1483
372.321836019792,639.245,1291.5,22.344190939792,-0.345618181239956,1483
672.309688172345,616.081,1445.5,22.351204452345,-0.352632141783147,1486
572.325894863528,842.284,4996.5,22.361024023528,-0.362452340193954,1487
772.318368723073,202.808,706.5,22.366272123073,-0.367700774962827,1488
522.340689232267,880.079,850,22.372624832267,-0.374053889937727,1489
572.338612879219,679.037,1908,22.373742039219,-0.375171168251768,1489
672.350836063891,688.154,2599,22.392352343891,-0.393782661662158,1491
722.351194739674,783.183,2098,22.395904579674,-0.397335124345318,1491
622.373797784351,849.689,1874,22.412120504351,-0.413552084819003,1493
772.383013959258,640.609,1176,22.430917359258,-0.432350140380322,1494
772.385827296044,793.04,705.5,22.433730696044,-0.435163656869008,1494
672.402623469573,850.3055,1912.5,22.444139749573,-0.445573375279196,1496
722.415834549182,394.796,615,22.460544389182,-0.461979062739147,1497
772.416798226539,640.609,877,22.464701626539,-0.466136565640795,1497
522.461240519336,643.336,17450,22.493176119336,-0.494612877253985,1499
822.491168965086,850.3055,787,22.542265925086,0.456294181370936,1500
922.498773520725,842.284,1839,22.556257600725,0.442301612009828,1501
872.51698655682,853.389,1968,22.57127707682,0.427281176541442,1502
922.514883372558,659.503,1553,22.572367452558,0.42619073115543,1502
972.518501024864,875.584,1531,22.579178664864,0.41937908378145,1504
772.538031734797,906.526,63633,22.585935134797,0.412622182277005,1505
672.562594442587,733.743,917,22.6041107225871,0.394445433516125,1506
722.561005885354,928.112,507,22.605715725354,0.392840328229227,1506
922.553504741467,886.723,2153,22.610988821467,0.387566895295663,1508
872.568036548986,890.4515,1295,22.622327068986,0.376227923542956,1509
822.579754503981,900.3215,4405,22.630851463981,0.367702984049856,1510
1022.57484963493,440.058,1588,22.63872083493,0.359833110442537,1511
822.594616907172,987.927,2529.5,22.645713867172,0.352839631518691,1512
872.618952914601,807.814,7398,22.673243434601,0.32530830563087,1513
772.626153038119,794.273,1526.5,22.674056438119,0.32449525018194,1513
1022.61739594689,805.351,3074,22.68126714689,0.317284080824948,1515
1122.62354661827,719.417,7278,22.69380493827,0.304745488590015,1516
1072.65784572105,794.273,1851,22.7249104810501,0.273637958934614,1517
1122.66776424428,820.123,5600,22.7380225642801,0.260525038166634,1518
1022.71365989416,817.663,544.5,22.7775310941599,0.221013984668502,1519
1222.83362615476,874.35,512,22.9102715947599,0.0882650052317331,1520
1122.8793711453,874.35,559.5,22.9496294652999,0.0489046206969306,1521
372.992583018179,342.444,626.5,23.014937938179,-0.0164080237791495,1522
322.996345321006,265.874,1020,23.015506681006,-0.0169768029347779,1522
472.998288420494,466.983,646,23.027030460494,-0.0285013185073808,1524
173.108790144999,210.315,7428,23.118370824999,-0.119847517403741,1525
323.181571897078,517.227,665,23.200733257078,-0.202215210406166,1526
273.236683587011,609.9515,7674,23.252651387011,-0.254136656624212,1527
523.22112740832,196.8,987.5,23.2530630083199,-0.254548304225636,1527
573.226251371234,455.918,580.5,23.261380531234,-0.262866358423707,1529
323.251771958449,584.747,2605.5,23.270933318449,-0.272419755825752,1530
673.257839834769,447.13,4911.5,23.299356114769,-0.300844367659693,1531
573.26622729869,611.994,1766,23.30135645869,-0.30284483935327,1531
373.304836990406,813.972,1188.5,23.327191910406,-0.328681941315949,1533
473.301774902616,880.918,1390,23.330516942616,-0.332007185913369,1533
573.295471086183,705.09,31990.5,23.3306002461831,-0.332090494801378,1533
773.283147694875,196.8,591,23.331051094875,-0.332541372291416,1533
573.329344234435,431.573,1387,23.364473394435,-0.365965806710165,1537
473.339091944762,790.575,2711,23.367833984762,-0.369326611695897,1537
573.333886038787,845.3695,1691,23.369015198787,-0.370507901171322,1537
673.328298676681,638.5635,1692,23.369814956681,-0.371307710150063,1540
523.340298679893,857.083,6739.5,23.372234279893,-0.373727187896861,1540
623.345562087614,664.4125,29749,23.383884807614,-0.385378459798744,1542
423.365995591787,855.855,944,23.391544071787,-0.393038213209309,1543
673.352044136353,783.1845,6487,23.393560416353,-0.395054686570006,1543
723.349896697814,783.183,1065,23.394606537814,-0.396100874852209,1543
623.373920384088,788.111,20075,23.412243104088,-0.413738567666883,1546
773.38724708768,643.336,663.5,23.4351504876799,-0.436647414474351,1547
773.393683546427,791.807,631,23.441586946427,-0.44308428435204,1548
773.412921332204,641.973,622,23.4608247322039,-0.462323298947922,1549
623.432590305545,848.4535,2854,23.470913025545,-0.472412236681407,1550
723.426923845291,393.381,707,23.471633685291,-0.473132942459756,1550
523.46372561979,643.336,5903,23.49566121979,-0.497162011724299,1552
723.46139596783,794.273,4274,23.50610580783,0.492392733084671,1553
823.493149908949,854.623,2806,23.544246868949,0.454249235694761,1554
923.499845138229,843.518,773.5,23.557329218229,0.441166050776019,1555
873.51549255931,852.1555,4475.5,23.56978307931,0.428711394201173,1556
873.536014928422,886.723,7161,23.590305448422,0.408187714217206,1557
773.546551690692,928.1115,43769.5,23.594455090692,0.404037806887573,1557
923.546046020443,890.452,11452,23.603530100443,0.394962217467764,1559
923.580664045803,680.339,3327,23.638148125803,0.360341980871794,1560
1073.57171174556,641.973,1109,23.6387765055599,0.359713560976843,1560
823.61388478345,887.965,1636,23.66498174345,0.333506649219885,1562
873.62160950368,807.814,2432,23.67590002368,0.322587671581573,1563
773.628108002848,793.04,896,23.676011402848,0.322476285299331,1563
1123.62573814703,719.417,3214,23.69599646703,0.30248994456565,1565
1073.66266352222,794.273,1343,23.7297282822201,0.268755974746455,1566
1123.66383351239,841.052,3017,23.73409183239,0.264392145853435,1566
423.77317531009,891.694,732,23.79872379009,0.199756059769243,1568
173.964135962565,588.838,5111,23.973716642565,0.0247520295768595,1569
173.964240851905,500.313,6159,23.973821531905,0.0246471335369733,1569
173.964486095645,345.981,6347,23.974066775645,0.0244018741320247,1569
173.997343661424,171.291,2183.5,24.006924341424,-0.00845779043319794,1572
573.990269098974,601.097,1946,24.025398258974,-0.0269328880098101,1573
224.026305924627,133.77,1260,24.039080164627,-0.0406156675984448,1574
374.051771792766,767.174,4341,24.074126712766,-0.0756644543454286,1575
224.102754298261,204.311,689.5,24.115528538261,-0.117068924393664,1576
174.106743234911,212.5675,29570,24.116323914911,-0.117864351848596,1576
224.121793981925,291.059,1395,24.134568221925,-0.136109824222814,1578
374.159006627548,222.327,1008,24.181361547548,-0.182906138782585,1579
224.176148338691,401.874,975,24.188922578691,-0.190467652888572,1580
424.188696968958,204.31,4853.5,24.214245448958,-0.215792140660994,1581
324.203350029798,225.33,6678,24.222511389798,-0.224058609490271,1582
274.208973479963,604.5005,726,24.224941279963,-0.226488654865136,1582
374.218820132833,523.733,1029,24.241175052833,-0.24272346467194,1584
524.216242412205,195.299,1811.5,24.248178012205,-0.24972687135994,1585
324.229987396938,852.592,604,24.249148756938,-0.250697678099527,1585
424.243622213299,690.109,31587,24.269170693299,-0.270720893367297,1587
474.250441520364,582.029,1315.5,24.279183560364,-0.28073440000702,1588
674.26067839908,445.714,1675,24.30219467908,-0.30374698856474,1589
574.269607458787,611.994,616,24.304736618787,-0.30628909063887,1589
524.281860818007,712.906,6716.5,24.313796418007,-0.315349468555951,1591
374.299789174258,881.766,5326,24.322144094258,-0.323697678017197,1592
774.277496323369,196.8,726,24.3253997233689,-0.326953515082323,1592
574.308786719809,698.577,632,24.3439158798089,-0.345470854246969,1594
674.321610349446,652.874,3186.5,24.363126629446,-0.364682830975994,1595
624.326497955392,673.8285,805.5,24.364820675392,-0.366376985129705,1595
524.333699693113,223.828,674,24.365635293113,-0.367191654884664,1595
524.346274677867,793.6525,3338,24.378210277867,-0.379767442869252,1598
574.360729545406,857.7005,2563,24.395858705406,-0.3974169977065,1599
624.362624192337,815.8145,6048,24.400946912337,-0.402505529648124,1600
724.375321534605,786.879,796.5,24.4200313746049,-0.421591210941415,1601
724.37649106789,639.245,1123.5,24.42120090789,-0.422760818930783,1601
824.381505286226,624.254,543,24.432602246226,-0.434162885530554,1603
624.434866802258,866.3465,911.5,24.4731895222581,-0.474752754086126,1604
724.437591473797,706.394,1626,24.4823013137971,-0.483865127643412,1605
574.454018229205,695.972,2768,24.489147389205,-0.490711640346262,1606
574.455871143213,631.068,3139,24.491000303213,-0.492564672709705,1606
524.471544214563,666.397,1082.5,24.503479814563,0.494955018808014,1608
674.482808560228,777.021,1629,24.524324840228,0.474108661661148,1609
624.487780912311,723.3225,614.5,24.526103632311,0.472329755957276,1609
724.487012381564,869.4295,1742.5,24.531722221564,0.466710807815389,1611
724.49828902546,780.718,9533,24.54299886546,0.45543344362045,1612
824.494801077622,855.855,1557,24.545898037622,0.452534086273204,1612
774.517954424252,881.766,15512,24.565857824252,0.43257302470613,1614
924.512939903324,843.518,1119.5,24.570423983324,0.428006573969469,1614
874.518261209432,884.242,14149.5,24.572551729432,0.425878691951198,1616
674.549331325606,897.303,1359.5,24.590847605606,0.407581647122925,1617
974.533201258958,878.052,699,24.593878898958,0.404550160146186,1617
774.546128902118,947.23,30113,24.594032302118,0.404396747187548,1617
974.55006137411,633.793,2334,24.61073901411,0.387688968049702,1620
724.596157324341,888.587,2708,24.640867164341,0.357558893374517,1621
924.588582944195,679.037,1805,24.646067024195,0.352358701378193,1622
1074.58016109005,641.973,936,24.6472258500501,0.351199801502617,1622
1024.5991389074,659.611,4921.5,24.6630101073999,0.335414535928976,1624
874.61023369053,829.368,563,24.66452421053,0.333900336085094,1624
824.623815471668,889.209,2698,24.674912431668,0.323511451396712,1626
1124.63170286607,719.417,1620,24.7019611860701,0.296460969247846,1627
824.655881401288,809.045,2984.5,24.706978361288,0.291443473556456,1628
1174.65082616712,644.7,713,24.7242780471199,0.274142682702177,1629
1074.6703531141,803.506,969,24.7374178740999,0.261002016412021,1630
1124.67064315557,820.123,860,24.7409014755699,0.257518192426232,1630
1024.68415389588,887.965,584,24.7480250958799,0.25039411709281,1632
425.106597783603,186.29,505.5,25.132146263603,-0.133751586477331,1633
375.149427127135,135.272,556.5,25.171782047135,-0.173389901756138,1634
275.161699026673,210.316,858,25.177666826673,-0.179275057186032,1635
375.175799692455,223.8285,888,25.198154612455,-0.19976415163103,1636
325.19746834374,213.229,1553,25.21662970374,-0.218240423017733,1637
375.212369746646,629.705,6475,25.234724666646,-0.236336541744549,1638
425.249781526114,703.788,950,25.275330006114,-0.276944474889945,1639
575.244540879908,321.218,953,25.279670039908,-0.281284785904745,1639
325.260638250454,620.166,5154,25.279799610454,-0.281414364727141,1639
375.266776936522,745.828,2302,25.289131856522,-0.290747206894991,1642
475.266133309366,801.0345,6797,25.294875349366,-0.296491066606166,1643
675.256641273666,451.003,1347.5,25.298157553666,-0.299773480557974,1643
525.267065770881,626.979,17157,25.299001370881,-0.300617351672031,1643
375.29061259461,877.2325,1864.5,25.31296751461,-0.314584387492346,1646
525.281569015519,804.121,197996,25.313504615519,-0.315121522708864,1646
325.296431672967,854.623,836,25.315593032967,-0.317210073555032,1646
575.281646921191,626.979,1340,25.3167760811911,-0.318393197346609,1646
575.28875070985,196.8,759,25.32387986985,-0.325497439762103,1650
475.299009369901,636.5195,980,25.327751409901,-0.329369227108828,1650
525.313725149457,207.314,755,25.345660749457,-0.347279710628868,1652
625.318595582373,643.336,23110,25.3569183023729,-0.358537982624171,1653
525.337884839212,874.35,5536,25.369820439212,-0.371440943590869,1654
675.329621926323,651.511,4058.5,25.3711382063229,-0.372758794874358,1654
675.337702304003,842.127,3292,25.379218584003,-0.380839688690799,1656
525.349739967479,793.0375,1218,25.381675567479,-0.383296829107394,1656
575.351985956571,850.922,5557,25.387115116571,-0.388736725652052,1658
625.355823917021,394.796,1092.5,25.394146637021,-0.395768695242509,1659
625.369050865408,796.732,3368.5,25.407373585408,-0.408996488504499,1660
725.385479740812,790.575,1473.5,25.430189580812,-0.431813941286578,1661
825.385301174119,641.973,6548,25.436398134119,-0.438022891166725,1662
725.402582518472,641.973,1084,25.4472923584719,-0.448917811391198,1663
575.458946957764,631.068,1525,25.4940761177641,-0.495704559009027,1664
575.459771510507,695.972,1617,25.494900670507,-0.496529164420622,1664
725.456543763928,883.03,957.5,25.501253603928,0.497117496362989,1666
525.479027257373,689.458,2782,25.510962857373,0.487407622736782,1667
625.474972902536,725.927,1310,25.513295622536,0.485074708567709,1667
575.482440355213,914.529,6347,25.517569515213,0.480800542894599,1669
625.492265124764,183.288,557,25.530587844764,0.467781381794225,1670
825.490842229697,863.8695,2960,25.541939189697,0.456429311790885,1671
875.520645043972,883.004,7857,25.574935563972,0.42343082986315,1672
875.547537149268,890.452,15746,25.601827669268,0.396537006826406,1673
975.548963061958,633.793,1099,25.609640701958,0.388723475076745,1674
775.566390927172,775.79,22826,25.614294327172,0.384069552611209,1674
925.559881801372,965.729,5229,25.6173658813719,0.380997802214893,1676
925.562725007999,853.389,858,25.620209087999,0.3781544139772,1676
725.588669326933,783.183,3687.5,25.633379166933,0.364983493800764,1678
825.585308375132,890.4515,641,25.6364053351319,0.361957132304383,1678
975.595844758342,855.2395,17880,25.656522398342,0.34183878411136,1680
275.640923784694,629.705,800,25.656891584694,0.341469574177495,1680
1025.63606868471,631.068,2819.5,25.6999398847099,0.298418524439285,1682
725.656298130148,889.209,1309,25.701007970148,0.29735037077694,1682
1075.63484972541,796.733,709.5,25.70191448541,0.296443797611118,1682
825.659847880772,807.814,1696,25.710944840772,0.287412865432657,1685
1075.65918689361,377.819,769,25.72625165361,0.272105074867568,1686
1125.66022681744,796.733,1164,25.7304851374399,0.267871320622817,1686
1225.87507679131,884.242,506,25.95172223131,0.04662009517142,1688
525.96853186202,468.212,533.5,26.00046746202,-0.00212824915377041,1689
425.975565484119,267.375,524,26.001113964119,-0.00277479254833679,1689
226.022681680777,518.4595,634,26.035455920777,-0.0371189428084051,1691
176.103931555605,162.2815,791,26.113512235605,-0.115180243505336,1692
326.139729014288,205.811,583,26.158890374288,-0.160561280729667,1693
276.152873235037,199.804,620,26.168841035037,-0.170512577079933,1694
276.17050786332,400.459,587.5,26.18647566332,-0.188148331779701,1695
376.169042497371,807.662,5328,26.191397417371,-0.193070400209137,1695
226.192009379044,517.227,8286,26.204783619044,-0.206457456929513,1697
226.209316758729,607.2255,964,26.222090998729,-0.223765942128239,1698
276.206635438111,611.994,1897,26.222603238111,-0.224278214229685,1698
326.207968312225,226.0845,1585,26.227129672225,-0.228804937470898,1700
376.207019557423,206.562,2558,26.229374477423,-0.231049886056439,1700
426.206129757331,606.545,510,26.231678237331,-0.233353793117772,1700
376.211071245463,644.464,148717,26.233426165463,-0.235101832899204,1703
326.22173662746,640.609,4037.5,26.24089798746,-0.242574132160939,1704
376.222729077252,365.082,3118.5,26.245083997252,-0.246760409335479,1704
426.221960566745,205.811,1159,26.247509046745,-0.249185613729139,1706
426.23196340446,319.803,705,26.25751188446,-0.259189090378186,1707
326.242715590383,407.532,512,26.261876950383,-0.263554435121023,1707
426.240513907674,737.648,14999,26.266062387674,-0.267740139758018,1709
476.238314501421,505.517,3174,26.267056541421,-0.268734357006849,1709
476.251351418048,639.245,2275,26.280093458048,-0.281772106370568,1711
476.269260687496,800.419,2776,26.298002727496,-0.299682519778116,1712
526.270702828146,626.979,5745,26.302638428146,-0.304318516534863,1712
376.293601720231,789.343,1345.5,26.315956640231,-0.317637579324298,1714
376.294213398214,679.037,1000,26.316568318214,-0.318249296378497,1714
576.283473436608,624.254,574,26.318602596608,-0.320283704712551,1714
476.293870829477,635.156,2114,26.322612869477,-0.324294233738897,1717
476.29532554396,483.398,897,26.32406758396,-0.32574904114216,1717
526.304004513978,703.7855,3674,26.335940113978,-0.337622329521423,1719
376.314659827214,884.242,1669,26.337014747214,-0.338697031399818,1719
476.308689994072,867.779,1203,26.337432034072,-0.339114344912105,1719
726.3082529479,846.416,9477,26.3529627879,-0.354646090771439,1722
676.320605174372,641.973,1037.5,26.362121454372,-0.363805342255773,1723
526.34084380981,810.892,19937,26.3727794098101,-0.374463978473727,1724
576.33765664883,792.4235,1362.5,26.37278580883,-0.374470377902412,1724
676.337702617703,716.813,4014.5,26.379218897703,-0.380903877690798,1726
626.366010890936,809.045,2721,26.404333610936,-0.40602019513301,1727
726.367469484203,624.254,898,26.412179324203,-0.413866409547268,1728
776.37481846391,626.979,782,26.4227218639099,-0.424409622661756,1729
576.397801281366,883.004,24745,26.432930441366,-0.434618852193694,1730
826.38892282621,641.973,3536,26.44001978621,-0.441708649871543,1731
826.406499688073,793.04,602,26.457596648073,-0.459286634461591,1732
826.428685283293,662.988,846,26.479782243293,-0.481473646792551,1733
626.445751155202,863.261,772,26.4840738752019,-0.485765552830685,1733
526.454152344112,698.577,1984,26.486087944112,-0.487779750390018,1735
526.455153542481,633.793,2533,26.487089142481,-0.488781012710774,1735
576.48130777509,886.728,2271.5,26.51643693509,0.481869320081728,1737
626.486515607416,710.302,1920.5,26.524838327416,0.473467391114468,1738
726.48478744402,778.254,4252,26.52949728402,0.468808136918369,1738
726.491147362804,884.8635,2489,26.535857202804,0.462447811892616,1740
776.497926874449,879.287,665.5,26.545830274449,0.452474103214854,1741
676.521875949505,881.766,8738,26.563392229505,0.434911026384157,1742
676.533981719339,981.971,12143.5,26.5754979993389,0.422804483290747,1743
876.549932510349,892.935,12453,26.604223030349,0.394077617461335,1744
776.569432160249,775.79,7065,26.617335560249,0.380964249994804,1745
826.578593981769,887.347,855,26.629690941769,0.368608079271326,1746
976.569291100792,719.417,23898.5,26.629968740792,0.368330262503832,1746
926.577324934057,888.5875,2725.5,26.6348090140569,0.363489680065072,1748
826.585652596456,784.414,7969,26.636749556456,0.361549013713329,1748
726.592355508546,783.183,1608,26.637065348546,0.361233201452023,1748
1026.579305413,780.718,907.5,26.6431766129999,0.355121546639339,1751
776.617511190343,947.128,1613,26.6654145903429,0.332882148839417,1752
976.632089575714,876.818,1323,26.692767215714,0.305527776311806,1753
1026.63769623211,631.068,1513.5,26.7015674321101,0.296726997799396,1754
1126.64453653695,689.458,532,26.71479485695,0.283498728053928,1755
976.682948531254,884.242,713,26.743626171254,0.254665572141676,1756
1026.69031141948,889.209,591.5,26.7541826194799,0.244108449619716,1757
1076.69147179836,817.663,4532,26.75853655836,0.239754232630503,1757
426.769874812713,891.694,1410,26.795423292713,0.202865142127052,1759
1226.88021195698,883.004,599,26.95685739698,0.0414207262115269,1760
526.982076782026,768.405,4007,27.014012382026,-0.0157379096251589,1761
326.99617120018,262.869,5346.5,27.01533256018,-0.0170581721059762,1761
227.159433591907,244.859,2647.5,27.172207831907,-0.173943464284804,1763
377.155167415458,202.808,711,27.177522335458,-0.179258307301154,1764
327.181656362633,225.33,1119,27.200817722633,-0.202555182475578,1765
377.182988650485,204.311,862,27.205343570485,-0.207081319417341,1765
427.200022248341,205.0185,602,27.225570728341,-0.227309769288695,1767
277.21029866549,598.372,507,27.22626646549,-0.228005550878095,1767
377.211543049824,643.104,40531,27.233897969824,-0.23563754267667,1769
327.225107800581,664.713,2105,27.244269160581,-0.246009395896294,1770
377.234233172072,848.8755,862.5,27.256588092072,-0.258329114262494,1771
427.243044740742,729.833,4653.5,27.268593220742,-0.270335009763471,1772
477.24154279693,505.517,1085,27.27028483693,-0.27202673400393,1772
527.238859604913,223.0445,716,27.270795204913,-0.272537134586855,1772
477.252964659015,362.253,35782,27.281706699015,-0.283449325663526,1775
427.271766208246,891.694,652.5,27.297314688246,-0.299058311859199,1776
427.272713570904,639.245,5609,27.298262050904,-0.300005735030311,1776
527.26722289656,632.431,1045.5,27.29915849656,-0.300902237947071,1776
477.281720442625,640.609,4387,27.310462482625,-0.312206946057302,1779
477.281786936338,807.814,371078.5,27.310528976338,-0.312273444017649,1779
377.293934935381,789.343,1362,27.316289855381,-0.318034691038349,1781
527.288440560625,540.654,845,27.320376160625,-0.322121257296203,1781
427.304406469895,722.021,807,27.329954949895,-0.33170065841415,1783
427.305090267015,783.183,28937,27.330638747015,-0.332384499211798,1783
577.296675174905,626.979,1853,27.331804334905,-0.333550161554058,1783
477.326516913394,556.274,569.5,27.355258953394,-0.357006278213419,1786
527.331108169091,817.049,616,27.363043769091,-0.364791591167659,1787
677.337729727191,851.347,1420.5,27.379246007191,-0.380994864190257,1788
677.34225738743,278.836,2397,27.38377366743,-0.38552281363468,1788
577.351112518248,828.74,3795,27.386241678248,-0.387990982097563,1790
427.362352318666,879.287,6579,27.387900798666,-0.389650208492412,1790
677.364653517647,641.291,1624.5,27.406169797647,-0.407920374410764,1792
627.369947199337,852.156,100667,27.408269919337,-0.410020630246663,1792
777.386291639171,665.745,4522,27.434195039171,-0.435947406054879,1794
727.395326024413,838.585,4233,27.4400358644129,-0.441788604381259,1795
827.393751985997,640.609,1057,27.444848945997,-0.446601993402282,1795
527.456249297439,699.88,588,27.4881848974389,-0.489940712940211,1797
827.43981960058,688.154,887,27.49091656058,-0.492672550566908,1797
677.476846008042,869.435,4188,27.518362288042,0.479879968867408,1799
727.474661019693,767.7945,922,27.519370859693,0.478871332793688,1799
627.489673117746,686.852,4600,27.5279958377459,0.470245803817761,1801
727.490581252857,891.0645,970,27.5352910928571,0.462950082720226,1802
827.487326452591,850.922,4810,27.538423412591,0.459817562908597,1802
577.511864196875,722.021,919.5,27.546993356875,0.451247071216926,1804
677.518209572655,979.505,5578,27.559725852655,0.438513762145135,1805
927.51268085264,779.486,601,27.57016493264,0.428074015361176,1806
877.522906366849,862.019,2986.5,27.577196886849,0.421041611983924,1807
777.579202745514,923.483,4989,27.6271061455139,0.371129165351249,1808
1027.56476262285,805.351,2084,27.6286338228499,0.369601390434354,1808
777.580951726411,800.426,1672,27.6288551264109,0.369380072737499,1808
977.57105684843,719.417,13793,27.63173448843,0.366500526798404,1808
927.575023360469,879.287,1557,27.632507440469,0.365727525386887,1812
827.593102327805,793.036,70490,27.644199287805,0.354034931230899,1813
1127.58196258641,719.417,619.5,27.6522209064101,0.346012800242761,1814
877.614949833806,795.503,2155,27.669240353806,0.328992265724764,1815
977.632603921288,833.661,1449,27.693281561288,0.304949522604034,1816
1027.63661422208,629.0235,579,27.70048542208,0.297745201663474,1817
1077.64231802704,797.964,2519.5,27.7093827870399,0.288847268381687,1818
1027.69262322534,889.209,508,27.75649442534,0.241732620812627,1819
1077.69471073218,826.279,2061,27.76177549218,0.236451216642763,1820
627.959029178874,641.973,5699,27.9973518988739,0.000859762440086342,1821
527.966158603222,565.688,7409.5,27.998094203222,0.000117410677148655,1821
427.973456130033,324.047,6882,27.999004610033,-0.000793054286361894,1821
377.980664906945,267.2685,999.5,28.003019826945,-0.0048085276714005,1824
128.002047563358,253.863,512,28.008434683358,-0.0102237299599039,1825
577.975671588876,632.213,1373.5,28.010800748876,-0.0125899466110013,1825
477.983393399752,479.495,734,28.012135439752,-0.0139247227407964,1825
378.010249915616,731.6265,943,28.032604835616,-0.0343954260931696,1828
378.063193660055,401.162,1979,28.085548580055,-0.0873425523286073,1829
128.101472122543,199.804,1025.5,28.107859242543,-0.109654639916414,1830
228.171320990045,311.205,671,28.184095230045,-0.185895497013462,1831
328.18628924464,478.195,1117.5,28.20545060464,-0.207252235688998,1832
228.207721137837,620.166,132705,28.220495377837,-0.222297969875086,1833
278.205244162096,625.516,288564,28.221211962096,-0.223014599906094,1833
378.214760679146,628.3465,855,28.237115599146,-0.238919252805431,1835
478.212657944998,484.405,533.5,28.241399984998,-0.243203912323736,1835
478.218497601981,345.9805,845,28.247239641981,-0.249043942316462,1837
428.231429770597,661.655,1083,28.256978250597,-0.258783172988842,1838
328.238079587521,719.417,1101,28.257240947521,-0.259045886692604,1838
378.241023607294,759.793,52708,28.263378527294,-0.265183858505225,1840
428.253522616814,549.767,1133,28.279071096814,-0.280877430392536,1841
428.256474951274,783.183,14918,28.282023431274,-0.283829953433724,1841
478.253529419967,640.609,18141,28.282271459967,-0.284077997969575,1841
528.27188710236,491.205,1204,28.30382270236,-0.305630616954204,1844
428.285100812422,226.833,995,28.310649292422,-0.312457643066637,1845
328.294757235027,809.985,3229.5,28.313918595027,-0.3157271544992,1845
478.31127505241,557.576,1381,28.34001709241,-0.341827318931053,1847
428.346098064361,883.626,2078,28.371646544361,-0.373458791222163,1848
628.334546758131,641.973,1657,28.372869478131,-0.374681803107364,1848
678.343106282624,716.813,520.5,28.384622562624,-0.386435638332046,1850
578.351811688979,828.74,1205,28.386940848979,-0.388754072768052,1850
678.352225855992,227.5845,510,28.3937421359919,-0.395555794215284,1852
628.361352084341,791.8055,4505,28.399674804341,-0.401488841515061,1853
728.373874951737,625.616,6831,28.418584791737,-0.420400036791762,1854
478.396799740206,621.528,1060,28.425541780206,-0.427357469640469,1855
778.393017858656,666.457,1349,28.440921258656,-0.442737930458861,1856
728.40059256383,837.353,1713,28.4453024038299,-0.447119355479799,1856
828.405125337307,639.245,1067,28.456222297307,-0.458039946468034,1858
678.422111650877,599.733,1083,28.463627930877,-0.46544605307497,1859
628.438787273994,685.55,2250,28.477109993994,-0.478928977362443,1860
678.440983350054,753.0265,1721.5,28.482499630054,-0.484318957687037,1861
578.464761668312,636.5205,5041,28.499890828312,0.498288733187337,1862
628.475012776754,843.518,7361.5,28.5133354967541,0.48484320596333,1863
828.492673327912,868.181,2439.5,28.543770287912,0.454406470774529,1864
728.5115517782,897.887,2545.5,28.5562616182,0.441914342599375,1865
578.52257829089,789.343,19625.5,28.55770745089,0.440468417556417,1865
778.51188396199,641.973,901.5,28.5597873619899,0.438388373601583,1865
678.536422145429,849.689,3854,28.577938425429,0.420236150758342,1868
678.537099446755,959.562,66129,28.5786157267549,0.419558806169448,1868
878.526067092382,847.22,1902,28.580357612382,0.417816809278975,1868
728.538699207517,886.723,5804,28.583409047517,0.414765179232859,1871
928.560703038322,886.1105,1558,28.618187118322,0.379984886968714,1872
878.577861506112,839.818,1353,28.632152026112,0.366019087166364,1873
978.574245636562,718.116,3276,28.6349232765619,0.363247659701983,1873
928.578073145822,966.965,2975,28.635557225822,0.362613669948246,1873
778.588348265593,891.694,9745,28.636251665593,0.361919185819602,1873
828.600456593151,801.658,35635,28.651553553151,0.346616320849307,1877
978.600477222001,885.4905,1503.5,28.661154862001,0.337014398712995,1878
1078.60004690103,718.7665,1272.5,28.66711166103,0.331057219191962,1879
978.608347112052,808.4295,10818,28.669024752052,0.329144005970647,1879
328.6719452451,643.336,1785,28.6911066051,0.307060742438125,1881
1028.63516708225,796.733,7730,28.6990382822501,0.299128558649954,1882
1078.6340862137,797.964,1916.5,28.7011509736999,0.297015732251339,1882
1228.64865836635,690.761,1056,28.72530380635,0.272861356832209,1884
428.974817378667,324.047,754,29.000365858667,-0.00221826515024759,1885
628.962416267568,640.609,885,29.000738987568,-0.00259141788490069,1885
528.969271451163,565.688,886,29.001207051163,-0.0030595113776144,1885
379.064060696738,382.063,2316,29.086415616738,-0.0882735196736348,1888
379.146028524626,651.391,3062.5,29.168383444626,-0.170246583279607,1889
229.166556375406,213.318,1431,29.179330615406,-0.181194453313168,1890
229.210767918385,620.166,20704,29.223542158385,-0.225408820316829,1891
279.226247189367,629.705,50103,29.242214989367,-0.244082844031141,1892
429.216744371276,225.33,887,29.242292851276,-0.244160710913604,1892
329.241453038605,684.247,1171,29.260614398605,-0.262483428536598,1894
429.258702625727,783.183,4715,29.284251105727,-0.286121645459843,1895
479.261851404479,618.8085,13664.5,29.290593444479,-0.292464389330519,1896
629.262023266175,253.863,651,29.300345986175,-0.30221755397281,1897
529.276866387581,679.037,82315.5,29.308801987581,-0.310674095508261,1898
429.287694620213,688.154,12378,29.313243100213,-0.315115491817608,1898
329.297972499613,780.718,715.5,29.317133859613,-0.319006499740965,1900
479.296951698197,688.154,9679,29.325693738197,-0.32756692508957,1901
379.305789295704,720.719,7494.5,29.328144215704,-0.330017559121529,1901
429.309628291143,796.1135,3062,29.335176771143,-0.337050563766979,1903
529.305330450487,780.1035,1543,29.337266050487,-0.339139976564184,1903
279.326775083125,652.192,3394,29.342742883125,-0.344617159036545,1905
479.331688527846,862.644,724082,29.360430567846,-0.362305973563252,1906
679.319947805361,255.8385,863,29.361464085361,-0.363339557094491,1906
679.329877839887,559.858,1801,29.371394119887,-0.373270225904321,1908
629.340040874513,720.719,3166,29.378363594513,-0.380240145707376,1909
579.344746719613,791.1875,1816.5,29.379875879613,-0.381752527405069,1909
629.35114757147,267.375,4327,29.38947029147,-0.391347552107845,1911
529.366275757251,633.793,1588,29.3982113572509,-0.400089176226743,1912
629.363645805188,818.894,7279,29.401968525188,-0.403846584153939,1912
729.371436954414,628.341,4413,29.416146794414,-0.418025759020793,1914
679.381746264666,793.04,3128.5,29.423262544666,-0.425141963793408,1915
679.382765785291,665.7155,14276,29.424282065291,-0.426161549540552,1915
579.395213789616,868.8135,74065,29.430342949616,-0.432222821006235,1917
529.401626377553,854.623,5608,29.433561977553,-0.435442054559644,1917
779.391097027035,688.154,4142.5,29.439000427035,-0.440880851424026,1919
629.414164531442,685.55,1776,29.452487251442,-0.454368537305754,1920
829.423156088244,641.973,628,29.474253048244,-0.476135724404116,1921
679.456538720572,681.642,1140.5,29.498055000572,-0.499939197088452,1922
779.458652767572,789.343,578.5,29.5065561675719,0.491559092897205,1923
579.49028342699,643.336,1704,29.52541258699,0.47270146902008,1924
729.488896008138,891.694,2126,29.533605848138,0.464507684525302,1925
679.511724348088,959.801,27822,29.553240628088,0.444871650398113,1926
579.526462748951,788.111,7685,29.561591908951,0.436519836094817,1927
779.518480176393,628.3455,551,29.566383576393,0.431727862583557,1927
729.541820639052,886.723,3059,29.586530479052,0.41157967303559,1929
829.540547074764,598.372,877.5,29.591644034764,0.406465790693801,1930
829.541807532989,891.694,9787,29.592904492989,0.405205251956772,1930
779.562677715135,896.0255,3414.5,29.610581115135,0.387527500711485,1932
879.57110172382,916.395,1598,29.62539224382,0.372715425961474,1933
929.568174701287,886.728,5199,29.625658781287,0.37244887146926,1933
979.567309270501,807.814,4970,29.627986910501,0.370120593545494,1933
979.575549935701,718.116,1894,29.636227575701,0.361879401970668,1936
779.597811870044,813.972,126324,29.645715270044,0.352391101598528,1937
679.605255645925,805.351,1066,29.646771925925,0.351334378223328,1937
1079.58529128863,718.116,2141,29.6523560486301,0.345749898830945,1939
829.603792793445,802.889,8846,29.654889753445,0.343216032174837,1939
1029.61302313081,788.7255,4271,29.67689433081,0.321210049261254,1941
979.620060329692,889.2085,988.5,29.680737969692,0.317366164865689,1941
1129.63381073615,633.793,532,29.70406905615,0.294033588128059,1943
1079.64130311078,795.503,1122.5,29.70836787078,0.289734498910093,1943
979.662498651643,817.663,3795.5,29.723176291643,0.27492513215509,1945
929.691757038383,809.045,1135,29.749241118383,0.248858640517028,1946
1129.68138156214,321.218,2773,29.7516398821399,0.246459723538464,1946
479.723928800403,873.116,838,29.752670840403,0.245428699422632,1946
1129.80477745285,874.35,1888,29.87503577285,0.12305595088128,1949
379.960983896638,133.77,631,29.983338816638,0.0147459892059487,1950
229.97267386124,196.755,1458,29.98544810124,0.0126365698728819,1950
279.977154788578,214.819,4181,29.993122588578,0.00496159232488935,1952
529.971809804866,565.688,3676.5,30.003745404866,-0.00566190249844567,1953
429.984651882885,339.4655,2352,30.010200362885,-0.0121172728297552,1954
579.982968233621,626.979,989.5,30.018097393621,-0.0200148079908331,1955
379.9969665767,268.875,925.5,30.0193214967,-0.0212389892597002,1955
230.066881194704,207.314,1165,30.079655434704,-0.0815767811108969,1957
130.098698479284,199.804,7506,30.105085599284,-0.107008570049771,1958
230.186738624972,373.574,503,30.199512864972,-0.201441867305817,1959
330.185443153673,222.327,27648,30.204604513673,-0.206533841237331,1960
330.194680121088,594.285,541,30.213841481088,-0.215771398666163,1961
230.213110952019,620.166,1936,30.225885192019,-0.227815878892585,1962
280.23400447623,639.927,5146.5,30.24997227623,-0.251904501672755,1963
380.228210931156,208.813,7789,30.250565851156,-0.252498114513571,1963
280.238493326419,833.52,12470.5,30.254461126419,-0.256393638588406,1963
330.238594762862,363.667,1475,30.257756122862,-0.25968884550025,1966
380.23733192812,334.661,866,30.25968684812,-0.261619694083777,1966
430.235872838199,599.733,1948.5,30.261421318199,-0.263354274952576,1966
380.24258293922,719.166,5748,30.26493785922,-0.266871040593571,1969
380.258348811685,854.623,3171,30.280703731685,-0.282637920108129,1970
330.263673866979,739.82,924929.5,30.282835226979,-0.28476955155196,1970
480.267148300923,378.5245,792,30.295890340923,-0.29782549939506,1972
630.270912410292,382.063,570,30.309235130292,-0.311171141166142,1973
530.27943676978,680.339,28385,30.31137236978,-0.313308517170981,1973
430.290229544615,725.927,2789,30.315778024615,-0.317714453418375,1975
430.29074264575,246.36,554,30.31629112575,-0.318227587327897,1975
530.288270277705,551.9,8144.5,30.320205877705,-0.322142589338796,1975
530.288727506667,341.029,1161,30.320663106667,-0.322599847506353,1975
430.300055392203,824.885,6309.5,30.325603872203,-0.327540928635131,1979
480.298948932432,689.458,1958,30.327690972432,-0.32962816217821,1979
680.28697160339,198.302,941.5,30.32848788339,-0.330425124039152,1979
430.305273281328,602.4595,1045,30.330821761328,-0.332759151054347,1982
380.308497653774,720.719,1851,30.330852573774,-0.332789965468464,1982
580.322721500999,635.8385,2099.5,30.357850660999,-0.3597897772039,1984
480.329194610323,920.679,24274,30.357936650323,-0.359875772020359,1984
680.332420014419,547.161,548.5,30.373936294419,-0.375876438098203,1986
630.353386011465,794.273,82217,30.391708731465,-0.393650010363558,1987
630.353841037296,267.375,1400,30.392163757296,-0.394105065259396,1987
680.364874883586,793.04,5255.5,30.406391163586,-0.408333380329054,1989
730.371354734606,628.341,1498,30.416064574606,-0.418007409240772,1990
680.382233634862,665.7155,6261,30.423749914862,-0.425693240400165,1991
630.388453442485,855.855,13670,30.426776162485,-0.428719681325447,1991
680.392752967991,853.389,787,30.434269247991,-0.436213245454383,1993
780.393223533855,688.154,1244.5,30.441126933855,-0.443071369355039,1994
530.42763196181,633.793,2286.5,30.45956756181,-0.461513175210257,1995
680.460985866138,598.372,865,30.502502146138,0.495549498003015,1996
580.472655426886,637.2025,2912,30.507784586886,0.490266719837678,1997
730.469468499585,863.6805,3416,30.514178339585,0.483872558735925,1998
880.492708528977,858.317,948.5,30.546999048977,0.451049752912013,1999
630.513161828033,723.322,5328,30.551484548033,0.446563967343423,1999
680.526695657353,966.5675,7820,30.568211937353,0.429835509556824,2001
930.513572389179,878.052,995,30.571056469179,0.426990796035511,2001
580.537610809266,797.964,1723,30.572739969266,0.425307188414536,2001
1030.53623534922,643.336,884,30.6001065492201,0.397938860412523,2004
780.557738047929,631.068,788,30.605641447929,0.392403608160294,2005
730.564571384444,652.874,1286,30.609281224444,0.388763599153663,2005
780.562800017418,889.2085,2342,30.610703417418,0.387341315336585,2007
880.580188576833,893.2625,10148.5,30.634479096833,0.363564117243413,2008
930.58394100081,793.65,1140,30.64142508081,0.356617689589825,2009
1030.57899930818,321.218,37406,30.6428705081801,0.355172169892739,2009
930.591281770433,885.481,2415.5,30.6487658504331,0.34927645107291,2011
830.610949394746,806.5835,1103,30.6620463547459,0.335995098464196,2012
1080.60242743691,748.185,1674.5,30.6694921969099,0.328548780694973,2013
830.631370982555,886.496,4992,30.682467942555,0.315572206220395,2014
1030.64084990384,795.503,1452.5,30.70472110384,0.293317623508528,2015
980.666496700516,817.663,1790,30.7271743405159,0.270862952625862,2016
1130.67153081806,669.921,2083,30.7417891380601,0.256247221557487,2017
1230.66830732976,767.174,18251,30.7449527697599,0.253083387779725,2017
1030.68503603889,871.882,1289,30.7489072388901,0.249128666056777,2019
1130.68494120199,322.633,1875,30.7551995219899,0.242835981035569,2020
1230.68174533503,689.458,3445,30.75839077503,0.239644524153391,2020
1130.70368170714,788.111,6076.5,30.77394002714,0.224094278830535,2022
430.760061821278,889.209,568,30.785610301278,0.2124232592505,2023
980.740270125723,901.592,722,30.800947765723,0.197084815120661,2024
680.973158354307,621.528,604,31.014674634307,-0.0166557053267979,2025
431.042276978535,530.243,980.5,31.067825458535,-0.0698099245786352,2026
181.090896011727,197.551,960,31.100476691727,-0.102463243377315,2027
131.094104176421,161.5575,2427.5,31.100491296421,-0.102477849004202,2027
331.17898175906,404.702,751,31.19814311906,-0.200135909180631,2029
381.194645601079,622.2115,1298,31.217000521079,-0.218994515721533,2030
481.21069205388,192.294,1385.5,31.23943409388,-0.241429521473208,2031
331.235041150195,727.228,189333,31.254202510195,-0.256198881124988,2032
281.241982882394,652.874,443713,31.257950682394,-0.259947292739469,2032
381.238523005585,725.927,1064.5,31.260877925585,-0.262874722909032,2034
331.242482864949,328.292,706,31.261644224949,-0.263641071220547,2034
431.263982830545,838.263,1487,31.289531310545,-0.291529938111978,2036
581.260328886282,335.367,874,31.295458046282,-0.297457052420782,2037
481.276970272966,688.154,106962,31.305712312966,-0.30771197409905,2038
481.282806327714,548.463,1836,31.311548367714,-0.313548401626633,2039
481.283508213649,379.234,990.5,31.312250253649,-0.314250332394806,2039
531.282729920245,679.037,4771,31.3146655202449,-0.316665753266648,2039
531.284293133081,253.863,10647.5,31.3162287330809,-0.318229065953233,2039
531.291656407071,552.581,2708,31.3235920070709,-0.325592810274429,2043
431.303245719308,704.4365,1597,31.328794199308,-0.330795334802929,2044
581.296216869313,435.539,3238,31.331346029313,-0.333347327806791,2044
381.320972030319,791.807,17550.5,31.343326950319,-0.345329014097558,2046
581.310595626942,631.0705,13509.5,31.345724786942,-0.347727003883051,2046
431.322329634075,810.277,883.5,31.347878114075,-0.3498804685604,2046
531.316078550632,807.1955,1978,31.348014150632,-0.350016513806736,2046
281.332705771313,749.951,3255.5,31.348673571313,-0.350675976608386,2050
381.328548099162,854.623,925.5,31.350903019162,-0.352905566864024,2050
631.315691406003,653.5985,1279.5,31.354014126003,-0.356016872427858,2052
481.328976603958,871.469,869263,31.357718643958,-0.359721627010003,2052
631.333184328853,399.043,1147.5,31.371507048853,-0.373510912643269,2054
681.345294476675,633.112,2614,31.386810756675,-0.388815597993812,2055
581.358943811835,819.5055,10800,31.394072971835,-0.396078277029915,2056
631.367102605926,818.2785,18519.5,31.405425325926,-0.407431356255643,2057
681.368800172034,793.04,2203,31.410316452034,-0.412322794785609,2057
531.43146024166,633.793,1319.5,31.46339584166,-0.465405574872534,2059
681.441118177677,756.103,568,31.482634457677,-0.484645419761478,2060
731.45202398517,862.4465,2277.5,31.4967338251699,-0.498745687855489,2061
581.47675263525,637.884,853,31.51188179525,0.4861053744836,2062
731.476005311341,631.068,519.5,31.5207151513411,0.477271454159563,2063
631.490890044003,697.2725,1961,31.529212764003,0.468773298710175,2064
781.485235689713,881.766,1079,31.533139089713,0.464846722204925,2064
881.496591965625,874.35,1067,31.550882485625,0.447102192928583,2066
581.533027192201,806.582,645,31.568156352201,0.429827222979611,2067
731.53602599316,915.162,1963,31.58073583316,0.417246938502672,2068
1031.53206947588,643.336,609,31.59594067588,0.402041124568996,2069
781.550705885064,622.212,873,31.598609285064,0.399372344926974,2069
831.556865407907,616.0825,4848,31.607962367907,0.390018664653098,2071
931.573740918259,889.209,6236.5,31.631224998259,0.366754548394169,2072
881.582369020394,891.073,16258,31.636659540394,0.361319659126252,2073
281.628822250453,283.812,1057,31.644790050453,0.353188629728606,2074
1031.58254642904,321.218,23308,31.6464176290399,0.351560947179678,2074
781.603832849089,883.77,2700,31.651736249089,0.346241987402095,2076
981.601991283621,860.1985,2497,31.662668923621,0.335308614542555,2077
931.606421357586,806.582,876.5,31.663905437586,0.334072021595034,2077
1081.6024978704,779.486,1798,31.6695626303999,0.328414467426228,2079
831.624860013681,882.54,16240,31.675956973681,0.322019715704641,2080
1231.65746127143,731.136,1922,31.7341067114301,0.263866263624777,2081
981.679391884808,812.741,1401,31.740069524808,0.257903069370514,2082
1231.67070994577,767.174,11321,31.7473553857701,0.250616743021965,2083
1131.68487380771,321.218,1130,31.7551321277099,0.242839504340509,2084
1131.7055714553,788.111,3631,31.7758297753001,0.222140534682467,2085
431.760375194959,890.452,825.5,31.785923674959,0.212045990272884,2086
631.892993854574,647.424,10311,31.931316574574,0.0666438036456611,2087
531.900280277396,577.939,13840,31.9322158773959,0.0657444433805949,2087
431.996417802975,382.063,794,32.021966282975,-0.0240116950307652,2089
332.059149661793,744.838,26871,32.078311021793,-0.0803600328846983,2090
332.086685700776,210.316,590.5,32.105847060776,-0.107897830739944,2091
232.093205649194,211.816,834,32.105979889194,-0.108030667642367,2091
282.113949798941,210.316,1546,32.129917598941,-0.131969906417282,2093
282.181488689108,256.865,776,32.197456489108,-0.199513110649775,2094
382.176146047907,383.476,987,32.198500967907,-0.200557656165188,2094
332.197014244811,220.826,622,32.216175604811,-0.218233422041521,2096
332.201153474182,540.654,4596,32.220314834182,-0.222372915806943,2096
382.206878897205,209.524,2355,32.229233817205,-0.231292468532558,2098
282.217588460344,389.1385,1388,32.233556260344,-0.235615187768815,2098
432.211945585092,206.562,1155,32.237494065092,-0.239553244045112,2100
482.209632992551,199.804,2113.5,32.238375032551,-0.240434267776152,2100
632.229828636229,214.821,640,32.2681513562289,-0.270212493425106,2102
282.253559949335,850.559,6999,32.269527749335,-0.271588974448719,2102
382.247787912869,476.893,1634,32.270142832869,-0.272204097271356,2102
282.254237555701,762.254,1329032,32.270205355701,-0.272266624097028,2102
382.263092471662,878.445,5419,32.285447391662,-0.287509633647346,2106
482.262905337761,641.973,1522,32.291647377761,-0.293710015772206,2107
532.276526141166,680.339,3629,32.308461741166,-0.310525453199261,2108
532.286753493183,232.0895,1661,32.318689093183,-0.320753458491367,2109
432.304774630522,763.485,8128,32.330323110522,-0.332388218956396,2110
482.302343881837,654.235,3171,32.331085921837,-0.333151078996195,2110
582.29903853118,437.231,961,32.33416769118,-0.336233045188123,2110
532.303899648067,530.243,53201,32.335835248067,-0.337900708590723,2113
532.304101985546,359.423,4447,32.336037585546,-0.338103058994079,2113
432.319850605406,631.068,12144,32.345399085406,-0.347465156822466,2115
582.312905088784,631.0705,4146,32.348034248784,-0.35010048852223,2115
632.311659254118,390.551,563.5,32.349981974118,-0.352048338267764,2115
782.312214505952,780.718,517,32.3601179059521,-0.36218491753732,2118
532.331244128312,848.455,10884,32.363179728312,-0.365246935472101,2118
482.335677035616,803.506,2714,32.364419075616,-0.366486361939735,2118
432.339758590728,853.389,8502,32.365307070728,-0.367374413772666,2121
482.349542052233,878.06,243116,32.378284092233,-0.380352264188559,2122
682.341559375149,643.336,542,32.383075655149,-0.385144133167046,2122
582.357878080025,799.194,1792,32.393007240025,-0.39507635242569,2124
682.374814913287,718.116,1951,32.416331193287,-0.418401795511727,2125
782.380192836398,628.341,530,32.428096236398,-0.430167590118231,2126
682.420609605256,556.274,2946,32.462125885256,-0.464199412629569,2127
532.44529089789,632.43,28012,32.47722649789,-0.479300989819421,2128
582.451246757326,635.839,570.5,32.486375917326,-0.488450993677134,2129
682.456524525002,864.497,2782.5,32.498040805002,0.499883373548869,2130
732.454095145599,614.0385,558,32.498804985599,0.49911914413974,2130
682.468834111611,709.646,2632.5,32.510350391611,0.487573000661541,2132
632.476011725748,680.339,240889,32.514334445748,0.483588692042076,2132
732.487596097763,870.648,1686,32.532305937763,0.465616052092969,2134
582.519523939764,748.3245,1162,32.554653099764,0.443267462660742,2135
632.531736526879,781.95,2069.5,32.5700592468789,0.42786033147388,2136
932.516709089672,875.584,4352,32.574193169672,0.423726144625448,2136
732.540293095936,915.162,895.5,32.585002935936,0.412915687884379,2138
782.544586075771,613.356,614,32.592489475771,0.405428669844582,2139
832.559684303998,616.0825,2214,32.610781263998,0.387135713224666,2140
882.56340667298,874.2005,5839.5,32.61769719298,0.380219342485589,2141
782.593190154289,888.5885,1739,32.641093554289,0.35682148672754,2142
832.591186066026,861.435,1617.5,32.642283026026,0.35563193901271,2142
1032.58164097767,321.218,6550,32.6455121776701,0.352402581105707,2142
1082.59282712571,688.154,2051,32.6598918857101,0.338021954557917,2145
982.605111308094,890.4515,837,32.665788948094,0.332124515497298,2146
1082.60833892512,775.1755,1217,32.67540368512,0.322509164327357,2147
1032.63133584764,797.964,76862.5,32.69520704764,0.302704536861938,2148
382.675421858905,643.336,702.5,32.697776778905,0.30013464145469,2148
1182.62959534493,719.417,501.5,32.7030472249301,0.294863858778399,2150
1132.64569254903,775.79,3758,32.7159508690299,0.281959390454631,2151
1182.67624884012,786.8795,891.5,32.74970072012,0.248207383583349,2152
1232.67374422924,768.405,4808.5,32.7503896692399,0.247518390456662,2152
982.696293813214,891.694,830,32.756971453214,0.240936186069348,2154
1132.69973263697,735.264,3296,32.7699909569701,0.22791585068876,2155
432.769352614738,891.694,648,32.794901094738,0.203004121778861,2156
1082.80174519454,883.623,548.5,32.86880995454,0.129090541027836,2157
632.893490816435,646.062,1065,32.931813536435,0.0660829347613117,2158
532.903111600278,579.303,1521,32.9350472002779,0.0628490643672421,2158
183.088453028024,204.311,1044,33.098033708024,-0.100147854187611,2160
333.098095441902,198.302,1764,33.117256801902,-0.119372175946069,2161
233.132778771429,202.808,752.5,33.145553011429,-0.147670192901415,2162
383.149369518506,205.811,904,33.171724438506,-0.173843291685614,2163
333.166412768897,226.833,1037,33.185574128897,-0.187693866729489,2164
383.204657268173,208.736,680,33.227012188173,-0.229134572873079,2165
483.219410900785,196.8,1387,33.248152940785,-0.250276675856639,2166
283.257781971404,749.265,1220.5,33.273749771404,-0.275875141480299,2167
383.251743408809,478.195,699,33.274098328809,-0.276223721149506,2167
333.263124615441,783.183,321598,33.282285975441,-0.284411890769718,2169
483.272428897772,664.3815,655.5,33.301170937772,-0.303298059382996,2170
433.277244766585,833.518,15139,33.302793246585,-0.304920471821447,2170
533.273779330176,680.339,1183.5,33.305714930176,-0.307842342035883,2170
583.273458113556,207.314,619.5,33.308587273556,-0.310714868887544,2173
533.288698686936,232.8395,826,33.320634286936,-0.322762651773814,2174
383.300574584476,720.719,7783,33.322929504476,-0.325058015921513,2174
433.300915334061,639.245,1580,33.326463814061,-0.328592551261522,2176
483.299212296505,591.559,24358,33.327954336505,-0.330083168913063,2176
533.306945266057,547.9655,14825.5,33.338880866057,-0.341010396400293,2178
533.307192297036,358.009,1266.5,33.339127897036,-0.341257443158383,2178
633.301280748484,718.116,1688,33.339603468484,-0.341733044983698,2178
583.307003449034,641.973,1192.5,33.342132609034,-0.344262347083259,2178
483.31570582326,672.524,6645,33.34444786326,-0.34657774919674,2182
383.326626480387,826.279,1474.5,33.348981400387,-0.351111575904667,2182
483.335918923693,817.662,965,33.364660963693,-0.366792140747123,2184
683.327749078008,367.913,758,33.369265358008,-0.371396829169043,2184
533.338680715415,848.4545,2056,33.370616315415,-0.372747872868899,2186
733.339841284521,204.311,923.5,33.384551124521,-0.386683572064726,2187
583.356615067601,841.0545,12178.5,33.391744227601,-0.393877134606214,2188
633.376724685865,845.9865,3217,33.415047405865,-0.417181801367292,2189
683.384701170808,850.3035,1282.5,33.4262174508079,-0.428352559800032,2190
783.379292877448,640.609,1217.5,33.427196277448,-0.429331448962898,2190
733.38936513673,787.4945,576.5,33.43407497673,-0.436210587623691,2192
583.410478761794,827.51,1014,33.445607921794,-0.447744269357827,2193
733.41234489726,711.604,1749,33.45705473726,-0.459191815992313,2194
683.422954778119,556.274,697,33.464471058119,-0.466608610570916,2195
683.438021274598,863.261,4990.5,33.479537554598,-0.481676069426612,2196
533.448379601862,632.43,10838,33.480315201862,-0.482453766363051,2196
733.445612699841,780.718,1529,33.490322539841,-0.492461743563467,2198
633.479432958243,680.339,110892,33.517755678243,0.48010336573509,2199
683.481336234209,731.136,1093,33.522852514209,0.475006204207261,2200
783.499524051397,883.004,29808,33.547427451397,0.450429697288314,2201
883.494016751462,846.603,1747,33.548307271462,0.449549821024448,2201
933.521374265887,875.584,3167,33.5788583458869,0.418996795141084,2203
833.530685374055,865.112,10638,33.581782334055,0.416072620202499,2203
783.550019390414,614.7225,1085,33.597922790414,0.399931132867323,2205
633.564169761702,826.279,720,33.602492481702,0.395361149689052,2205
783.555836910176,912.659,707,33.603740310176,0.394113241509672,2207
883.551407239875,889.209,6757,33.6056977598749,0.392155666778081,2207
833.558342752793,897.266,28004,33.609439712793,0.388413474841741,2209
833.567922909672,603.82,725.5,33.619019869672,0.378832706027538,2210
1033.59525183553,631.068,815,33.65912303553,0.338726978568502,2211
1083.60247186382,689.458,1117,33.66953662382,0.328312725107708,2212
983.623559781001,888.587,896,33.6842374210009,0.313610988909204,2213
1083.64320046074,781.336,9545,33.71026522074,0.287581526637268,2214
1133.64827252294,775.79,2214,33.71853084294,0.279315376468276,2215
983.679228945389,889.209,654,33.739906585389,0.257938268637758,2216
1083.67695953625,417.432,2794,33.74402429625,0.253820294756679,2216
1233.67177437679,768.405,2087.5,33.7484198167899,0.24942449345167,2218
1133.70527499226,735.228,940.5,33.77553331226,0.222309266099728,2219
433.776921961723,892.935,914,33.802470441723,0.195370416019955,2220
1083.8027139488,883.004,833,33.8697787087999,0.128057849608695,2221
1133.83772423364,886.723,944,33.9079825536401,0.0898515644871622,2222
533.897058592047,577.939,5704.5,33.928994192047,0.0688385839559942,2223
334.013226657261,199.804,18734,34.032388017261,-0.0345618455675094,2224
184.096657314615,206.561,539.5,34.106237994615,-0.108416540109516,2225
184.145418566375,290.303,4531,34.154999246375,-0.157180906508131,2226
334.141022201813,626.1895,7055,34.160183561813,-0.162365553095697,2227
334.165998455824,798.428,41186,34.185159815824,-0.187343402471924,2228
284.179134078709,229.839,1237,34.195101878709,-0.19728610040903,2229
284.19713969002,316.973,1230,34.21310749002,-0.215292861833404,2230
334.212575055314,300.149,4962,34.231736415314,-0.233922977055272,2231
384.21272349534,207.314,2711,34.23507841534,-0.237265190552478,2231
384.213822880825,285.472,887.5,34.236177800825,-0.238364646260948,2231
284.231362512082,410.359,1441,34.247330312082,-0.249517869887768,2234
284.2480872726,682.943,14430,34.2640550726,-0.2662436987045,2235
434.240423614824,632.43,51364,34.265972094824,-0.268160843378894,2235
284.269364928538,805.9665,864849.5,34.285332728538,-0.287522713758733,2237
484.269522290854,873.116,5227,34.298264330854,-0.300455142084445,2238
334.284033418221,799.194,54233,34.303194778221,-0.305385904385162,2238
484.276826161597,703.135,3490,34.305568201597,-0.307759479364222,2240
434.281476428347,868.2195,3700.5,34.307024908347,-0.309216279161831,2240
434.29941741577,643.336,2288,34.32496589577,-0.327158412570384,2242
434.309348343488,772.714,1226,34.334896823488,-0.33708997462918,2243
534.303198905293,246.3525,733,34.335134505293,-0.337327671616208,2243
584.301382739424,632.4315,971,34.336511899424,-0.338705153728597,2243
534.305967788107,547.9655,5859.5,34.337903388107,-0.340096731293329,2243
534.309772166043,778.254,623,34.341707766043,-0.34390135223498,2247
384.320019486309,841.052,520,34.342374406309,-0.34456803508283,2247
634.307110279201,714.208,1052,34.345432999201,-0.347626823343376,2247
584.310412983521,719.417,964,34.345542143521,-0.347735974635043,2247
484.334785265582,763.461,1162,34.363527305582,-0.365722285503296,2251
534.375537852718,881.766,1349,34.407473452718,-0.40967123971177,2252
584.37285587113,837.353,1742,34.40798503113,-0.410182850800879,2252
684.372330031443,813.673,19750,34.413846311443,-0.416044505504829,2254
684.378127101515,643.181,3089,34.419643381515,-0.421841945866277,2255
634.38178796886,842.284,1590,34.4201106888599,-0.422309283060599,2255
784.392536331837,775.79,587,34.440439731837,-0.442639624561025,2257
634.404205742389,586.109,1109,34.442528462389,-0.444728488531155,2257
484.446637276305,640.609,814,34.475379316305,-0.477581440804784,2259
684.439587720782,664.713,1102,34.481104000782,-0.483306490947598,2260
534.456427349737,637.2015,2248.5,34.4883629497371,-0.490565903569973,2261
584.475763939744,666.015,224626,34.510893099744,0.486902507303512,2262
634.475912617202,637.883,1414,34.514235337202,0.483560056359124,2262
684.492549947149,880.5455,619,34.534066227149,0.463727899708488,2264
834.518561137225,927.495,31452,34.569658097225,0.428133756191755,2265
784.537491934247,896.651,13052,34.585395334247,0.412395513949377,2266
884.553519804149,890.452,1507,34.607810324149,0.389979092283625,2267
1034.57547011328,679.037,2060.5,34.6393413132801,0.35844608910179,2268
834.589835084508,887.345,1860,34.640932044508,0.356855256265476,2268
734.597049698734,725.927,1208,34.641759538734,0.356027709182968,2268
1034.58904505487,321.218,941,34.65291625487,0.344870280408713,2271
1134.62413689334,718.116,1455,34.6943952133399,0.303388672458595,2272
1084.63702805344,772.096,2298,34.70409281344,0.293690452921737,2273
984.679334585024,891.6935,694,34.740012225024,0.257768746975103,2274
1084.68567205667,418.847,2718,34.75273681667,0.245043342542431,2275
1084.81556748646,883.004,881,34.8826322464599,0.115139615645603,2276
1134.83787178653,886.723,731.5,34.9081301065301,0.089640126892391,2277
584.986453204162,621.528,4290,35.021582364162,-0.0238193775342097,2278
335.016961804089,199.804,3131,35.036123164089,-0.0383611062588898,2279
235.101291974154,203.558,749,35.114066214154,-0.116309134958016,2280
285.11559458044,211.066,1115,35.13156238044,-0.133806418816562,2281
185.148638169913,290.303,544,35.158218849913,-0.160464590978961,2282
285.201027841568,367.913,822,35.216995641568,-0.219245137018049,2283
385.20929024017,608.588,1077,35.23164516017,-0.233895591362113,2284
335.21531716302,319.803,1093,35.23447852302,-0.236729135193968,2284
385.215469154821,207.314,1047,35.237824074821,-0.240074900692946,2286
335.227810838258,622.891,918,35.246972198258,-0.249223608468924,2287
435.243833070544,660.805,4115,35.269381550544,-0.271634392158546,2288
285.256754722421,708.995,4600,35.272722522421,-0.274975577441126,2288
335.255185832884,845.987,1182,35.274347192884,-0.276600351680372,2288
485.254620937835,650.149,1317.5,35.283362977835,-0.28561671251714,2291
285.274313746136,882.54,177787,35.290281546136,-0.292535722743651,2292
335.278027497654,783.183,3179,35.297188857654,-0.299443475468138,2293
535.266663326956,707.696,1011.5,35.2985989269559,-0.300853634838631,2293
335.287716261086,800.426,12756,35.306877621086,-0.309132857772624,2295
485.279112362991,294.84,19323,35.307854402991,-0.310109702069781,2295
485.279219516748,718.116,3718,35.307961556748,-0.310216862671268,2295
385.303225720224,851.788,15502,35.325580640224,-0.327837071571139,2298
435.300291976493,853.389,2417,35.325840456493,-0.328096904435938,2298
435.300775334956,643.336,1183,35.326323814956,-0.328580293773655,2298
385.306227805963,720.719,539,35.328582725963,-0.330839349069208,2298
485.300462538219,591.559,2585.5,35.329204578219,-0.331461241046213,2298
535.300819244705,539.352,1015,35.3327548447051,-0.33501173430659,2303
485.317463459987,696.6215,2650,35.346205499987,-0.348463248752807,2304
535.322662133408,803.506,7302.5,35.354597733408,-0.356856018230133,2305
685.315875616162,655.597,3331,35.357391896162,-0.359650359461966,2305
585.323239129193,741.339,3476,35.358368289193,-0.360626814860325,2305
785.311483262974,195.299,1195.5,35.359386662974,-0.361645253690199,2305
485.338107233836,791.807,841.5,35.366849273836,-0.369108341228639,2309
635.346830336458,807.191,3663.5,35.385153056458,-0.387413293009899,2310
635.356631812232,626.979,1023.5,35.394954532232,-0.397215394855834,2311
585.365839765438,855.855,10972.5,35.400968925438,-0.403230172232952,2312
735.37052654442,639.246,515,35.41523638442,-0.417498542552948,2313
685.390232361782,813.673,8063,35.431748641782,-0.434011854639948,2314
785.389116261773,714.208,1255.5,35.437019661773,-0.439283211318866,2315
735.393471855184,793.04,1031,35.438181695184,-0.440445318955085,2315
585.424895758035,855.855,579,35.4600249180349,-0.462289937048013,2317
785.424553077344,640.609,1480.5,35.4724564773439,-0.474722290426257,2318
735.444774684965,799.1935,1612,35.489484524965,-0.491751425718576,2319
535.464696821109,641.973,20685,35.496632421109,-0.498899778436453,2320
785.4621694443,779.486,3094,35.5100728443,0.487658939861717,2321
585.480053396756,666.015,118391,35.515182556756,0.482548901021346,2322
685.477820714167,785.647,1487,35.519336994167,0.478394198244473,2322
635.484772306267,680.339,4326,35.523095026267,0.474635926099154,2324
685.488141867881,887.9665,591,35.529658147881,0.468072385263895,2325
785.488654726675,871.882,1165,35.536558126675,0.461171965731864,2326
835.490764489242,852.156,1656,35.541861449242,0.455868304413684,2327
735.514821370727,885.4875,1835.5,35.559531210727,0.438197414267734,2328
835.525782675811,928.729,17591,35.576879635811,0.420847881048076,2329
885.541911056979,778.254,2396,35.596201576979,0.401524705685802,2330
885.556277629755,955.247,4549,35.610568149755,0.387157215241018,2331
1035.55984212496,680.339,897.5,35.6237133249599,0.374011200384302,2332
935.574342717473,884.242,2369,35.631826797473,0.365897209620812,2333
835.588199137672,643.336,619.5,35.6392960976719,0.358427432318308,2334
985.618146331501,889.8305,848,35.6788239715009,0.318897033635267,2335
1035.63645679683,796.733,4071.5,35.7003279968301,0.297391634730502,2336
1085.63418356231,772.096,704,35.70124832231,0.296471250464492,2336
1135.63381733917,719.417,1013.5,35.70407565917,0.293643733007457,2336
1235.63103253451,712.906,1395,35.70767797451,0.290041187568704,2339
835.659072946362,868.181,1022,35.710169906362,0.287549096543898,2339
1035.64681831755,889.209,577,35.71068951755,0.287029452165598,2339
1135.66485273784,788.111,8439,35.73511105784,0.26260635194285,2342
985.678452473521,890.452,1097,35.739130113521,0.258587039543499,2342
1035.6848962884,829.972,1530.5,35.7487674884001,0.248949049074554,2344
285.781094531565,183.288,628.5,35.797062331565,0.200651121062947,2345
186.161070608191,315.558,2250,36.170651288191,-0.172961698662249,2346
336.194627853339,515.926,626,36.213789213339,-0.216102379257279,2347
436.200464321684,216.322,664,36.226012801684,-0.228326748387474,2348
286.212651818464,540.654,4458,36.228619618464,-0.23093373167859,2348
286.212696118988,374.989,1158,36.228663918988,-0.230978035032251,2348
286.213159805486,252.362,1456,36.229127605486,-0.231441751148395,2348
336.228439516437,339.613,18471,36.247600876437,-0.249916202084705,2352
286.248020643754,690.761,878,36.263988443754,-0.266304816162176,2353
486.242141867141,196.8,1548,36.270883907141,-0.27320071999884,2354
386.251999588769,611.312,873.5,36.274354508769,-0.276671543312489,2354
436.255888291493,662.108,29514,36.281436771493,-0.283754258418014,2356
286.275594625834,805.351,19206.5,36.291562425834,-0.293880559538024,2357
486.28191928594,294.84,4600,36.31066132594,-0.312980679591533,2358
336.295042138563,822.592,24449,36.314203498563,-0.316523078471846,2358
436.299956015247,703.788,6230,36.325504495247,-0.32782479701018,2360
486.300933565171,616.766,625.5,36.329675605171,-0.331996173364985,2360
436.314868613448,640.609,911.5,36.340417093448,-0.342738347757631,2362
386.31895625531,862.4255,20177.5,36.34131117531,-0.343632486729348,2362
536.322596672485,720.068,537.5,36.354532272485,-0.356854428405541,2364
586.324075283022,703.787,1653,36.359204443022,-0.361526897378781,2364
736.316952222119,626.979,4465,36.361662062119,-0.363984673456912,2366
536.332391663326,827.512,1049,36.364327263326,-0.366650044904304,2366
686.323190384183,613.356,9430,36.364706664183,-0.3670294699956,2366
636.330867811671,628.341,998,36.3691905316711,-0.371513623892042,2369
636.346611761824,786.8785,1454,36.384934481824,-0.387258579694162,2370
586.374795778883,820.1245,1446,36.409924938883,-0.412250633025678,2371
686.390824325218,852.156,2196,36.432340605218,-0.434667731167565,2372
736.389387933974,790.575,866,36.434097773974,-0.43642501216334,2372
786.395384010749,712.906,730,36.443287410749,-0.445615235928813,2374
786.395897301602,639.245,1659,36.443800701602,-0.446128559568365,2374
736.425600892139,715.51,739,36.470310732139,-0.472640283441024,2376
786.449768036108,785.6465,550.5,36.497671436108,0.499997264917283,2377
536.471376261345,667.0485,4543,36.503311861345,0.494356479396629,2378
686.482720228704,853.389,1029,36.524236508704,0.47343049546987,2379
586.489397066331,708.999,19173,36.524526226331,0.47314075933707,2379
786.516090184964,883.004,11486,36.563993584964,0.433670879715464,2381
686.538209327114,669.921,1978,36.579725607114,0.417937852678165,2382
886.52944392942,632.43,750,36.58373444942,0.413928754306198,2382
836.533484648619,968.198,12479,36.584581608619,0.413081540994654,2382
786.547786250267,629.705,3956,36.595689650267,0.401972789817478,2385
786.55358872472,901.592,25689,36.60149212472,0.396169944729763,2386
736.558681233573,667.316,11146,36.603391073573,0.394270874580911,2386
886.549716067446,898.464,42579,36.604006587446,0.393655321391748,2386
1036.54293843576,423.7955,3690,36.6068096357601,0.390852094032198,2389
1036.56955868381,718.116,3738,36.6334298838101,0.364230145606371,2390
1036.57187194019,592.921,1313,36.63574314019,0.36191674146653,2390
936.581871980108,883.004,1321.5,36.639356060108,0.35830359077238,2392
986.587517656133,795.503,944,36.6481952961329,0.349463790138657,2393
836.62546516217,891.694,2366,36.67656212217,0.321095152162684,2394
1036.61889719721,889.8305,720,36.6827683972099,0.314888480695345,2395
786.63935170001,781.95,3991,36.68725510001,0.310401491305697,2395
1036.64229701579,796.733,997.5,36.7061682157901,0.291487167444984,2397
1136.64276279717,744.562,1432,36.71302111717,0.284633828334108,2398
1136.67057581356,789.343,5027,36.7408341335599,0.256819035379976,2399
986.686085428199,873.7745,1243.5,36.746763068199,0.25088972202866,2400
1036.6877690289,829.972,917,36.7516402289,0.246012249797786,2400
187.119700604128,207.314,907,37.129281284128,-0.131652927358459,2402
1037.0734739425,592.921,1413.5,37.1373451425,-0.139717300811753,2403
337.125856483248,199.804,554,37.145017843248,-0.147390491655585,2404
437.154399055559,721.8955,28724,37.179947535559,-0.182322415110434,2405
287.215678052952,540.654,726,37.231645852952,-0.234024034747904,2406
337.231576799368,339.613,4217,37.250738159368,-0.253117560690328,2407
387.231524840807,207.314,1349,37.253879760807,-0.256259362800051,2407
437.24242234201,331.122,1415,37.26797082201,-0.270351324073545,2409
487.244150511488,201.306,2169,37.272892551488,-0.275273367928321,2409
337.259687548592,643.336,3082,37.278848908592,-0.281230105496377,2411
537.249263430008,449.773,1367,37.281199030008,-0.283580377026965,2411
287.278412736504,806.582,1730,37.294380536504,-0.296762725495398,2413
487.265656822344,705.09,1269.5,37.294398862344,-0.296781052505992,2413
387.274511085938,749.4515,503.5,37.296866005938,-0.29924835368945,2413
537.27064224108,321.218,3705,37.3025778410801,-0.304960553676551,2416
487.280175846805,294.84,1954,37.308917886805,-0.311301004373718,2417
437.287344887133,849.689,334378,37.312893367133,-0.315276738636612,2417
587.281822523864,607.907,606.5,37.316951683864,-0.319335314593673,2419
337.303097960227,847.22,8426,37.322259320227,-0.324643289983442,2420
437.302842223976,699.88,2043,37.328390703976,-0.330775065376315,2421
537.304459182068,613.356,894,37.3363947820679,-0.33877965473107,2422
387.319117640714,850.922,4938,37.341472560714,-0.343857757721651,2423
637.323176232127,667.3165,1002,37.361498952127,-0.363885428325943,2424
587.327507452442,768.416,2052,37.362636612442,-0.365023161309296,2424
537.338116561437,817.663,2711,37.370052161437,-0.37243918397462,2426
687.333420647973,714.208,58794,37.374936927973,-0.377324262526372,2426
737.343903011817,625.616,606,37.388612851817,-0.391001059923951,2428
637.36721447462,858.322,2057,37.40553719462,-0.407926483774077,2429
587.370984621446,862.0195,1635.5,37.406113781446,-0.408503107429738,2429
687.387346628418,846.6035,924,37.428862908418,-0.431253687508502,2431
787.405901765922,791.807,4954,37.4538051659219,-0.456197538206197,2432
737.440682828873,599.733,1021.5,37.485392668873,-0.487787058817844,2433
687.458803673524,613.356,529.5,37.500319953524,0.49728470304683,2434
687.460449855501,879.9155,1195,37.501966135501,0.495638415919302,2434
537.475970841337,665.685,539.5,37.507906441337,0.489697730644707,2436
737.478923997719,797.964,1991,37.523633837719,0.473969329670922,2437
837.47284027038,847.22,1116,37.5239372303799,0.473665917630569,2437
587.490101105129,686.2045,7049,37.525230265129,0.472372800288554,2437
637.510783141949,733.4895,22106,37.549105861949,0.448495678408221,2440
587.536509063717,888.587,1094,37.5716382237169,0.425961877379336,2441
787.544779504251,631.068,2629.5,37.592682904251,0.404915852610543,2442
837.54292687646,633.793,528,37.59402383646,0.403574834749065,2442
637.556105405106,828.741,703,37.594428125106,0.403170520278991,2442
737.562276054332,667.316,4855,37.606985894332,0.390611948921901,2445
887.553121126041,978.062,49388,37.607411646041,0.390186170017955,2445
887.553262844159,881.766,25283,37.607553364159,0.390044442847625,2445
787.561141662237,920.094,12710,37.609045062237,0.388552649486883,2445
1037.54681852152,417.432,2192.5,37.61068972152,0.386907885150777,2445
937.554469942478,875.584,7564.5,37.611954022478,0.38564350343529,2445
687.572663263013,784.414,849.5,37.6141795430131,0.383417840744528,2451
1037.57085762509,718.116,2239,37.63472882509,0.362867246076348,2452
1037.57506459476,592.921,1005,37.6389357947601,0.358660007685103,2452
837.588052678103,891.073,1825.5,37.639149638103,0.358446150682653,2452
937.597664744544,682.943,7273,37.655148824544,0.34244594228926,2455
987.609041058853,887.965,803,37.669718698853,0.327875137325464,2456
1037.62475807232,887.965,667,37.68862927232,0.30896335594025,2457
787.64852358582,781.95,2414,37.69642698582,0.301165144359061,2458
1137.63033325664,641.973,672,37.7005915766399,0.297000287524952,2458
1187.629597626,689.458,2061,37.7030495060001,0.294542201163722,2460
1137.64183302082,720.719,788,37.7120913408201,0.285499788794141,2461
987.661388007436,873.1535,809,37.722065647436,0.275524845066457,2462
1187.70111664922,794.273,1179,37.77456852922,0.22301860964626,2463
1137.7264125423,718.116,1301,37.7966708623001,0.200914864773495,2464
437.77338889635,890.452,865.5,37.79893737635,0.198648205949269,2464
287.917962813177,162.293,956.5,37.933930613177,0.063646346391522,2466
187.979582856655,466.983,2449,37.989163536655,0.00840989489509525,2467
187.979594095133,544.558,1967,37.989174775133,0.00839865569921017,2467
187.979884657052,362.2515,1937,37.989465337052,0.00810807522051959,2467
337.976000601681,231.339,1533.5,37.995161961681,0.00241108671798429,2470
188.013641610627,193.797,14854,38.023222290627,-0.0256510345893446,2471
238.028556503471,213.318,735,38.041330743471,-0.0437606441158493,2472
388.179840327047,826.742,40617,38.202195247047,-0.204635422956983,2473
288.192119890472,285.472,3181.5,38.208087690472,-0.210528242763473,2474
388.202107673183,220.826,2898,38.224462593183,-0.226904191425945,2475
338.20991752472,643.336,687,38.22907888472,-0.231520777829928,2475
288.228102781916,541.955,6954,38.244070581916,-0.246513432624738,2477
488.215715717482,780.718,612.5,38.244457757482,-0.246900632921722,2477
388.235089210923,636.5205,6264,38.257444130923,-0.259887835870927,2479
438.234559636394,207.313,954,38.260108116394,-0.262551991504779,2479
338.241419340926,839.493,1003,38.260580700926,-0.263024606223212,2479
338.243549044209,525.035,7701.5,38.262710404209,-0.265154445541611,2482
438.239899044192,718.116,8354,38.265447524192,-0.267891740358891,2482
388.243118819733,539.352,943.5,38.265473739733,-0.267917957574412,2482
438.250825258607,614.718,2680,38.276373738607,-0.278818652688926,2485
488.254092470199,201.306,618,38.282834510199,-0.285279836964548,2486
438.260998344891,827.9785,1446,38.286546824891,-0.288992388781651,2486
588.260280867001,613.356,607.5,38.295410027001,-0.297856157031219,2488
538.273705182787,324.047,1042,38.305640782787,-0.308087566309609,2489
638.276722417758,576.701,1215.5,38.315045137758,-0.317492521986424,2490
638.276839193909,193.797,22483,38.315161913909,-0.317609305596534,2490
438.292215272264,848.455,100168,38.317763752264,-0.320211310144657,2490
388.323057670539,852.156,505,38.345412590539,-0.347861914496889,2493
538.322982168277,694.669,2743,38.354917768277,-0.357367699380802,2494
788.330356250997,195.299,826,38.3782596509971,-0.380711073070074,2495
688.337197263746,641.973,620,38.378713543746,-0.381164994811684,2495
688.346021004106,842.7445,856.5,38.387537284106,-0.38998929879051,2497
738.352481070789,626.9785,628,38.397190910789,-0.399643542101671,2498
638.359181773045,736.9645,822,38.3975044930449,-0.399957144387713,2498
588.366606435013,820.13,1634.5,38.401735595013,-0.404188516618547,2498
788.386544277599,641.973,1589.5,38.434447677599,-0.436902688698069,2501
588.434637115798,594.285,879,38.469766275798,-0.472223542882261,2502
638.45156040305,868.832,555.5,38.48988312305,-0.492341675103603,2503
638.454160284926,652.874,1789,38.492483004926,-0.494941723047759,2503
938.438099254185,214.819,704,38.495583334185,-0.498042250341086,2505
538.492178756057,723.322,30570,38.524114356057,0.473424905359821,2506
738.510819790229,887.344,3712,38.555529630229,0.442007624528401,2507
838.513341952458,853.389,1506,38.5644389124579,0.433097773216559,2508
688.536392648493,781.95,1459,38.577908928493,0.419626896780414,2509
638.543244163607,847.22,5534,38.581566883607,0.415968708013565,2509
688.543755895352,902.826,656.5,38.585272175352,0.41226317959206,2511
788.54237945086,632.4305,685,38.59028285086,0.407252184025651,2512
738.555689425952,889.209,2654.5,38.600399265952,0.397135122744885,2513
1038.54278559958,434.403,1537,38.6066567995799,0.390877189415278,2514
738.566005675281,682.2955,1746,38.610715515281,0.386818214462664,2514
888.560800458882,958.3305,18605.5,38.615090978882,0.382442471377544,2516
788.568365426799,934.896,5529,38.616268826799,0.381264548225204,2516
888.562685133001,863.878,11934.5,38.616975653001,0.38055767687456,2516
838.576208475146,882.4085,6843.5,38.627305435146,0.370227234911795,2519
988.569095110506,719.417,5690,38.629772750506,0.367759761951334,2519
938.602270176343,681.642,3682,38.659754256343,0.337776341037284,2521
938.604872068746,883.018,5502,38.662356148746,0.335174282437606,2521
738.642793924001,793.04,1523.5,38.687503764001,0.310025060871681,2523
788.643627103097,781.95,738,38.6915305030969,0.305998064566666,2523
988.635285753543,883.6305,1900.5,38.695963393543,0.301564890968507,2525
1088.63181599102,324.047,5070.5,38.6988807510199,0.298647347144424,2525
1088.65595273057,793.04,774,38.7230174905701,0.274509065853408,2527
1138.65790096797,796.733,8604,38.7281592879699,0.269366940019836,2528
988.676454973929,859.556,1455,38.737132613929,0.260393040886925,2529
1138.6896411671,827.51,2431.5,38.7598994871,0.237624713475498,2530
1188.69952277547,794.273,576.5,38.7729746554701,0.224548709925557,2531
1088.7064698329,780.718,902.5,38.7735345929,0.223988736729325,2531
1088.70719320667,878.052,1105,38.7742579666699,0.223265316753896,2531
1238.71200081145,688.154,1760,38.78864625145,0.208876112918006,2534
1138.72288676632,716.813,1200,38.79314508632,0.204376990683613,2534
438.779782221908,891.694,895,38.805330701908,0.192190596735998,2536
1238.8681855232,842.284,3103,38.9448309632,0.0526814248257779,2537
189.016591537937,193.797,1378.5,39.026172217937,-0.028665025606557,2538
189.090263884807,201.2765,2195,39.099844564807,-0.102342078318344,2539
339.121731857788,201.3065,729,39.140893217788,-0.143393353293561,2540
389.179912328594,204.3095,576,39.202267248594,-0.204771304382916,2541
289.196229306645,265.916,1006.5,39.212197106645,-0.214701796706436,2542
339.212593517698,631.751,1505,39.231754877698,-0.234260817017457,2543
289.231209798704,621.528,815,39.247177598704,-0.249684523154144,2544
289.231488364514,540.654,1245,39.247456164514,-0.249963106757605,2544
389.234005257758,635.157,1752,39.256360177758,-0.258867688747898,2546
339.243260535426,720.719,4130,39.262421895426,-0.264929793609781,2547
439.250440142625,700.5295,3370,39.275988622625,-0.278497387387347,2548
439.250440240498,614.718,864.5,39.275988720498,-0.278497485266598,2548
589.241369974212,234.342,729.5,39.276499134212,-0.279007931583465,2548
689.25306678379,332.536,1472,39.29458306379,-0.297093016277472,2551
439.26933795308,791.1875,7406,39.29488643308,-0.297396404945289,2551
539.276395253623,321.218,577,39.308330853623,-0.310841684254456,2553
489.282040696102,783.183,4542.5,39.310782736102,-0.313293723348011,2553
539.281322064453,720.719,944.5,39.313257664453,-0.315768809785823,2553
639.277230453931,601.097,608,39.315553173931,-0.318064465890075,2556
639.279680900437,193.797,7365.5,39.318003620437,-0.320515068919121,2556
389.310835014764,847.22,4122,39.333189934764,-0.335702353276133,2558
539.304288852401,623.572,5264,39.336224452401,-0.338737064743782,2558
339.318331050805,871.882,5068,39.337492410805,-0.340005104138982,2558
539.336058294679,820.13,44431,39.367993894679,-0.370508536303873,2561
639.348587233804,850.922,1923,39.386909953804,-0.38942580369735,2562
689.348844390211,756.103,23468,39.390360670211,-0.39287674051991,2562
589.360193491677,841.673,37387,39.395322651677,-0.397839038933853,2564
639.394881295934,789.343,3252.5,39.4332040159341,-0.435722822873572,2565
789.389394560637,640.609,735,39.437297960637,-0.439817029078426,2565
739.440434008528,639.245,596,39.485143848528,-0.48766597313886,2567
739.460230769672,735.045,1732,39.504940609672,0.492536001193571,2568
589.475723385649,912.3135,1191,39.510852545649,0.48662368758994,2569
689.474157785693,879.9285,3106,39.515674065693,0.481801859569941,2569
539.494481393143,722.021,12448.5,39.526416993143,0.471058245912445,2571
889.486172152451,849.689,2773.5,39.540462672451,0.457011669432745,2572
589.510214849967,722.021,37490,39.545344009967,0.452130020119967,2572
789.510342652582,865.1045,2026,39.558246052582,0.439227153383285,2574
839.510141270432,872.532,2955.5,39.561238230432,0.436234784407247,2574
639.545803370794,870.648,2395,39.584126090794,0.413345462076677,2576
789.546018967872,635.156,15958.5,39.593922367872,0.403548559258866,2577
839.561185183067,668.618,13745.5,39.612282143067,0.385187611327979,2578
889.565155968051,958.3305,6289,39.619446488051,0.378022808719265,2579
789.582728083627,791.807,775,39.630631483627,0.366837098698738,2580
839.580049619387,889.209,795,39.631146579387,0.366321970036779,2580
989.572167870024,718.116,2582,39.632845510024,0.364622930880159,2580
939.580959440759,887.965,2073,39.638443520759,0.359024562570653,2583
289.625641020437,229.087,504,39.641608820437,0.355859060708269,2583
1089.5758059609,836.122,6527,39.6428707209,0.354597079641053,2583
989.622198996885,843.518,590,39.682876636885,0.314588608266945,2586
1089.63461976019,322.633,3106.5,39.7016845201899,0.295779523603187,2587
889.648868014714,794.273,594,39.703158534714,0.29430541492593,2587
989.678056830994,859.556,768,39.738734470994,0.258727206223057,2589
1039.67561174049,795.503,528,39.73948294049,0.257978688918456,2589
1139.67531120001,806.5835,3502,39.7455695200099,0.251891720616641,2591
1039.81521121759,658.201,2600,39.8790824175901,0.118370294862643,2592
1089.82344270264,738.879,2347,39.89050746264,0.106944520034858,2593
1239.87664349411,842.284,2690,39.9532889341101,0.0441590383807124,2594
789.954338285544,771.9815,15901,40.002241685544,-0.0047968399239835,2595
190.000738308266,189.2915,925,40.010318988266,-0.0128746585859005,2596
239.999820511746,229.84,820,40.012594751746,-0.0151505674309362,2596
989.959491044234,831.203,3008,40.020168684234,-0.0227249837059844,2598
590.006538920676,626.8705,1782.5,40.041668080676,-0.0442257534280088,2599
390.082609753268,774.337,2198,40.104964673268,-0.107526389107477,2600
190.119944373291,195.299,44124,40.129525053291,-0.132088337931663,2601
390.121514864574,210.316,631,40.143869784574,-0.146433985488329,2602
240.133999825522,207.279,1291.5,40.146774065522,-0.149338451948125,2602
340.172496987529,219.22,1100,40.191658347529,-0.194225600951142,2604
340.178639224084,571.814,6287,40.197800584084,-0.20036822984332,2605
390.204230660516,483.398,1317,40.226585580516,-0.229155064924953,2606
390.21400884798,655.597,27093,40.23636376798,-0.23893387697342,2607
440.220393257457,607.906,980,40.245941737457,-0.248512458245898,2608
340.23051258887,390.5535,1052.5,40.24967394887,-0.252244908054934,2608
440.2427808937,718.765,25677,40.2683293737,-0.270901524505405,2610
440.251593836765,338.198,1300,40.277142316765,-0.279715030499631,2611
640.251973089261,635.156,930,40.290295809261,-0.292869363178625,2612
690.25501132805,331.122,511,40.29652760805,-0.299101560025633,2613
490.279244107817,399.043,511,40.307986147817,-0.310560831710006,2614
640.274562192582,193.797,8579,40.312884912582,-0.315459909385027,2614
690.273461801705,632.43,670,40.314978081705,-0.317553212209759,2616
490.301636947019,780.102,740,40.330378987019,-0.332955101260836,2617
390.309245296745,736.347,884,40.331600216745,-0.334176408993244,2617
440.325899091485,857.7035,15671,40.351447571485,-0.354025031488561,2619
790.313616736105,193.797,2868.5,40.361520136105,-0.364098239496457,2620
640.344724858072,779.488,820,40.383047578072,-0.385627056534872,2621
540.356302919584,844.752,2455,40.388238519584,-0.390818329619719,2622
690.351961370985,767.7945,30723,40.393477650985,-0.396057795671709,2623
590.379628297246,693.366,728.5,40.414757457246,-0.417338961186147,2624
740.374142561111,641.973,1581,40.4188524011109,-0.421434166616905,2624
640.385386661858,881.766,589,40.423709381858,-0.426291457604975,2626
790.399008342938,628.341,568,40.446911742938,-0.449495300742228,2627
640.413702573723,639.245,592,40.452025293723,-0.454609178156716,2628
540.435146274825,614.718,10461,40.467081874825,-0.469666721002113,2629
590.436854756108,886.723,668.5,40.471983916108,-0.474569075404361,2629
590.450703909971,611.994,1458.5,40.485833069971,-0.488419113885925,2631
690.452733815173,869.414,1057,40.494250095173,-0.496836676727753,2632
590.48315575449,712.9045,1074,40.51828491449,0.479126968724472,2633
690.478569471864,644.7,1429,40.520085751864,0.477326016321399,2633
540.497325723294,723.322,1992,40.529261323294,0.468149858799279,2635
740.490349832053,667.316,1320,40.535059672053,0.462351139669067,2636
840.491208464778,865.7415,7830.5,40.542305424778,0.45510492411961,2637
740.511797148316,871.299,52963,40.556506988316,0.44090245345285,2638
790.522705550074,884.252,3959,40.570608950074,0.426799590927999,2639
640.537648883079,788.111,12039,40.575971603079,0.421436595382033,2640
790.549913305926,635.156,7247,40.597816705926,0.399590097173018,2641
690.567975451913,865.4975,9634,40.609491731913,0.387914325440534,2642
840.562055855072,664.7115,1506,40.613152815072,0.3842530084288,2642
890.567532227119,847.22,1258,40.621822747119,0.375582522587365,2644
740.587932632043,849.689,2703,40.632642472043,0.364762106550415,2645
940.578298437256,890.452,2802,40.635782517256,0.361621860766149,2645
790.591117587419,901.592,4206,40.639020987419,0.358383183744991,2647
290.625752960301,237.346,829,40.641720760301,0.355683238414258,2647
1040.57861716447,767.174,630,40.64248836447,0.354915585214485,2647
990.583477209853,719.417,5305,40.644154849853,0.353248993384113,2650
840.593678846106,894.1575,6760,40.6447758061059,0.352627997467494,2650
1240.5804088884,662.108,2615,40.6570543283999,0.340348690879409,2652
1090.59287958806,785.6455,676,40.65994434806,0.337458486618516,2652
1140.6398399622,689.458,603.5,40.7100982822001,0.287301348881783,2654
990.652137255375,890.452,2077,40.712814895375,0.284584562182545,2654
790.67311780769,805.351,6127,40.72102120769,0.276377725686984,2656
1090.66976783794,633.793,1574,40.7368325979401,0.260565325480002,2657
1140.67432317814,812.737,1463,40.74458149814,0.252815930316956,2658
1190.6875831795,673.827,3461,40.7610350595,0.236361317980936,2659
440.783849203339,891.694,589,40.809397683339,0.18799560496592,2660
1090.82725520989,735.045,1894,40.8943199698899,0.103067893980096,2661
1240.88225153114,875.584,3469,40.9588969711399,0.0384867678560568,2662
241.003107129313,190.792,1171,41.015881369313,-0.018501270211317,2663
790.980680532148,761.023,3133.5,41.028583932148,-0.0312046444259977,2664
241.114485957532,212.567,542.5,41.127260197532,-0.129887212784155,2665
191.12295882227,195.299,4184,41.13253950227,-0.135166854739225,2666
341.131064166467,321.218,677,41.150225526467,-0.152854008635984,2667
341.143772001253,207.314,1585.5,41.162933361253,-0.165562655138501,2668
341.194956394187,220.0415,1022,41.214117754187,-0.216750317489812,2669
291.225490451782,640.609,1451,41.241458251782,-0.2440925614668,2670
391.23043431842,647.4235,11692,41.25278923842,-0.255424271874745,2671
891.199984378798,602.458,714,41.254274898798,-0.256910027149843,2671
341.235495355789,809.4975,3531,41.254656715789,-0.257291868529421,2671
341.235923231807,639.245,2283,41.255084591807,-0.257719771878101,2671
441.246656863482,725.2775,6465.5,41.272205343482,-0.274841617145853,2675
491.261323094714,615.3995,1975,41.290065134714,-0.292702549177022,2676
341.289501320473,795.503,2235.5,41.308662680473,-0.311301282859461,2677
341.290228150345,689.458,894.5,41.309389510345,-0.312028159157933,2677
591.279810993032,322.633,628.5,41.314940153032,-0.317579156393776,2679
641.277196753682,193.797,1836.5,41.315519473682,-0.318158514048037,2679
391.299031089075,887.044,47567,41.321386009075,-0.324025424167644,2681
391.30584708014,718.116,817,41.32820200014,-0.330841850606021,2682
541.297371163278,706.394,6976,41.3293067632779,-0.331946684310992,2682
691.307494193796,629.027,2019,41.3490104737959,-0.351651653409135,2684
491.32375107371,875.584,1995.5,41.35249311371,-0.355134515777706,2684
791.31750069102,193.797,1364,41.36540409102,-0.368046317779886,2686
541.339736619555,626.979,18556,41.371672219555,-0.374314846693437,2687
541.349578577594,844.7535,12823.5,41.381514177594,-0.384157433390214,2688
641.348640121697,742.102,79502,41.386962841697,-0.389606445528216,2689
691.361245914242,780.718,8228,41.402762194242,-0.405406807261329,2690
741.371118614932,622.891,1066,41.415828454932,-0.418473902562368,2691
591.38410109484,847.22,3237,41.41923025484,-0.421875919761305,2691
691.399416103766,708.999,3618,41.440932383766,-0.443579434916728,2693
541.439010440728,614.718,3657.5,41.470946040728,-0.4735950090095,2694
591.447590692617,889.209,3630.5,41.482719852617,-0.485369572954028,2695
591.453604411415,613.356,630,41.488733571415,-0.491383675880002,2696
741.453281233812,849.6875,732,41.497991073812,0.499358230397434,2697
641.469644168993,599.733,16934,41.507966888993,0.489381778008465,2698
691.492119422451,889.828,3333,41.533635702451,0.463711324947894,2699
841.483383429145,849.071,2135,41.534480389145,0.46286658429915,2699
791.487725163426,870.648,2007,41.535628563426,0.461718336678132,2699
591.515194694073,722.021,732,41.550323854073,0.447022107365456,2702
591.526129650418,788.111,1390,41.5612588104181,0.436086452546988,2703
741.523326177289,986.695,28092.5,41.568036017289,0.42930881278005,2704
841.557086683079,899.1015,10503,41.608183643079,0.389158622549303,2705
791.562021164373,681.645,4356,41.609924564373,0.38741759005336,2705
991.55902676442,641.973,505,41.61970440442,0.377637125316369,2707
841.576244521551,669.921,11925,41.627341481551,0.369999560364931,2708
891.574861229832,919.4575,13284.5,41.629151749832,0.368189176452461,2708
741.59029175351,849.689,2544,41.63500159351,0.36233895911414,2710
991.582462977172,719.417,3846,41.643140617172,0.354199415569724,2711
941.595210499225,888.587,2297,41.652694579225,0.344644843254628,2712
1091.59871650943,774.558,510,41.66578126943,0.331557317133729,2713
1041.6048668912,628.342,503,41.6687380911999,0.3286003064959,2713
791.635230920573,915.76,12156.5,41.683134320573,0.314203157559746,2715
991.629849928304,890.452,623,41.690527568304,0.306809437582956,2716
791.676146473309,805.351,2411.5,41.724049873309,0.273284991331252,2717
1141.65413723692,796.733,604,41.7243955569199,0.272939285639723,2717
1091.66926444733,632.43,1103,41.7363292073301,0.261004872964349,2719
1191.6952487737,675.129,2383.5,41.7687006537001,0.228631358859047,2720
441.775907303817,891.694,737,41.801455783817,0.195874136499128,2721
1041.82498311822,761.023,4274.5,41.88885431822,0.108470019490369,2722
1091.83694463243,783.183,1845,41.90400939243,0.0933139772457707,2723
1241.88901795445,872.499,1494,41.9656633944501,0.0316560370590651,2724
442.001742082276,406.117,1427.5,42.027290562276,-0.0299750672195387,2725
342.01045006219,253.863,2393.5,42.02961142219,-0.0322960753790653,2725
142.023582138423,226.833,4369,42.029969258423,-0.0326539344689536,2725
142.023665838667,133.77,3043,42.030052958667,-0.0327376400593664,2725
192.053594832014,226.8355,2172,42.063175512014,-0.0658623091186996,2729
242.186801434185,401.874,1025,42.199575674185,-0.202271183888229,2730
242.22300071604,641.973,61240,42.23577495604,-0.238472777982508,2731
342.216934051591,621.5295,1108.5,42.236095411591,-0.238793254002701,2731
292.225181478637,665.0335,628,42.241149278637,-0.243847443865889,2733
442.216793251768,204.311,645,42.242341731768,-0.245039973165149,2733
392.220636808859,480.796,6357.5,42.242991728859,-0.245690011774855,2733
442.244291920392,780.718,1630,42.269840400392,-0.272540398274259,2736
342.256384651051,398.335,956.5,42.275546011051,-0.278246373380739,2737
492.249203855698,607.907,729,42.277945895698,-0.280646411321072,2737
342.260215567941,747.3105,12226,42.279376927941,-0.28207753497162,2737
392.262310263974,858.1345,7755.5,42.284665183974,-0.287366128793451,2740
492.26279116577,226.7975,791,42.29153320577,-0.294234589286305,2741
392.286901229954,688.154,2652,42.309256149954,-0.311958665528323,2742
392.287922866151,784.414,1470,42.310277786151,-0.312980366982572,2742
392.290289473953,404.702,4748,42.312644393953,-0.315347125952371,2742
492.293163042466,720.719,790,42.321905082466,-0.324608405994468,2745
342.309844415085,883.004,1473.5,42.329005775085,-0.331709552172185,2746
342.311018671725,785.647,2644,42.330180031725,-0.332883883818056,2746
442.31476222173,790.575,1098.5,42.34031070173,-0.34301520092248,2748
492.335213661807,861.194,2300,42.363955701807,-0.366661711330494,2749
442.341944151791,878.052,12467,42.367492631791,-0.370198867236866,2749
692.336865057921,641.973,744.5,42.378381337921,-0.381088268886174,2751
642.349120625282,643.336,2809,42.387443345282,-0.390150855085267,2752
642.352710617712,775.1825,139895,42.391033337712,-0.393741076827041,2752
742.348368319153,711.604,3723,42.393078159153,-0.395786028881503,2754
592.368604286719,843.518,819,42.403733446719,-0.406441997057073,2755
542.37329926734,848.455,4371,42.40523486734,-0.407943513581813,2755
692.365716608928,785.0305,1240.5,42.407232888928,-0.409941662793926,2755
742.369162883932,622.893,8418,42.4138727239319,-0.41658192191926,2758
692.415944514831,234.342,508,42.457460794831,-0.460172777018556,2759
642.428979233653,688.154,8446.5,42.467301953653,-0.470014564447183,2760
792.419635826314,193.797,1080,42.467539226314,-0.470251852264141,2760
592.465861174404,631.068,3913.5,42.500990334404,0.496294902946943,2762
592.466272263973,440.058,1027,42.501401423973,0.49588378711951,2762
592.466352855368,513.324,1441,42.501482015368,0.495803190576794,2762
692.467064366693,761.0275,1476,42.508580646693,0.488704105824695,2765
642.472466083299,599.733,4068.5,42.510788803299,0.486495808172094,2765
592.534155307459,791.807,625,42.5692844674589,0.427996407585169,2767
742.526927480412,971.2785,12092.5,42.571637320412,0.425643404343077,2767
942.515284630486,374.989,978,42.572768710486,0.424511942001118,2767
892.524684306631,873.116,2729.5,42.578974826631,0.41830542943876,2770
792.552390799603,907.76,5932,42.600294199603,0.396984694685784,2771
692.579391640607,848.455,914,42.620907920607,0.376369656974589,2772
942.566516033956,631.068,1503.5,42.624000113956,0.373277266110904,2772
842.574718719575,671.873,2405,42.625815679575,0.371461584522081,2772
842.578294237132,908.994,11548.5,42.629391197132,0.367885838577877,2775
992.581824280682,719.4175,1581,42.642501920682,0.35477427757678,2776
942.593517314087,890.452,1073,42.651001394087,0.346274261265648,2777
992.627115728615,890.452,1002,42.687793368615,0.309479936639946,2778
1092.65149058629,794.273,1227.5,42.71855534629,0.278715994034883,2779
792.679986386224,806.582,1238,42.727889786224,0.269380957861131,2780
1092.67807718628,631.068,680,42.74514194628,0.252127695818444,2781
992.698078961211,889.209,535,42.758756601211,0.238512171247635,2782
1042.69525173604,889.209,518,42.7591229360401,0.238145813018718,2782
1042.82755153392,741.339,3684,42.8914227339201,0.105837564452258,2784
1092.84533498654,783.183,1261,42.9123997465399,0.0848592119198202,2785
1242.89680838812,876.201,571,42.97345382812,0.0238012304932909,2786
393.15211080881,635.0445,2435,43.17446572881,-0.177223509888222,2787
243.182257446023,211.816,2049,43.195031686023,-0.197790780757515,2788
243.226195003186,641.973,9398,43.238969243186,-0.241731144444287,2789
343.220819899421,241.856,657.5,43.239981259421,-0.242743225322045,2789
393.223144196166,496.409,1573,43.245499116166,-0.248261434521737,2791
443.22569595729,253.863,3558,43.25124443729,-0.25400712262973,2792
343.237477279322,673.1755,1558,43.256638639322,-0.25940166921788,2793
393.254801010248,795.9635,41075,43.277155930248,-0.279920270691548,2794
443.275067029968,783.183,3130.5,43.300615509968,-0.303381348898768,2795
493.276508106127,628.347,13327,43.305250146127,-0.308016281096513,2795
393.293907802657,403.288,1287,43.316262722657,-0.319029561057903,2797
393.301034219043,865.713,852,43.323389139043,-0.326156432645746,2798
443.300098447294,660.805,9651,43.325646927294,-0.328414365113588,2798
343.311141344363,881.766,824,43.330302704363,-0.333070439571657,2800
393.321091823935,781.95,58619.5,43.343446743935,-0.346215318722841,2801
543.317111279218,672.5265,4447.5,43.349046879218,-0.351815811716051,2802
543.319936131515,322.13,2504,43.351871731515,-0.354640844451296,2802
493.328682251822,859.5515,966,43.357424291822,-0.360193759429592,2804
543.325727466303,841.052,923,43.357663066303,-0.360432549162397,2804
643.319836927993,674.4795,3881,43.358159647993,-0.360929162571779,2804
443.339124935606,865.718,2259,43.364673415606,-0.367443346253481,2807
743.349234421048,367.913,1629.5,43.393944261048,-0.396716061378925,2808
743.36521272246,716.8125,1299,43.40992256246,-0.4126953834093,2809
793.362922226744,204.311,667.5,43.410825626744,-0.413598505376854,2809
643.378544951973,852.7695,950,43.416867671973,-0.419640936543146,2811
693.378068700181,793.04,2789,43.419584980181,-0.422358418320073,2811
693.37918420453,641.973,3393.5,43.42070048453,-0.42347399392213,2811
743.386925695234,631.068,3128,43.431635535234,-0.434409743105675,2814
593.401204892728,863.25,3070,43.4363340527279,-0.439108560718637,2814
693.414698052907,699.88,3398,43.4562143329071,-0.45899011075619,2816
693.417210281945,587.472,2609,43.458726561945,-0.461502500263464,2816
643.43139167007,688.154,3016,43.46971439007,-0.472491030238984,2818
743.444452879607,850.3035,1156,43.489162719607,-0.491940602043542,2819
643.455218400961,879.9285,2184.5,43.493541120961,-0.49631928306917,2819
693.452400137373,788.111,7850,43.493916417373,-0.49669460345342,2819
593.46851863517,632.43,1123,43.50364779517,0.49357339715516,2822
593.468808608426,513.324,536,43.503937768426,0.493283405377042,2822
643.476332222282,599.733,1066,43.514654942282,0.48256554695854,2824
893.485582015321,632.43,1015,43.539872535321,0.457346343138738,2825
693.515883191262,895.412,1555,43.557399471262,0.439818287659818,2826
943.518231094297,373.574,520,43.575715174297,0.421501414704267,2827
893.5304742882,873.116,2045,43.5847648082,0.412451202753232,2828
843.571780729284,915.1445,11710.5,43.622877689284,0.374335887198413,2829
993.563795399101,632.43,1328,43.624473039101,0.372740435478022,2829
793.577352978563,697.275,27979.5,43.625256378563,0.371957045979912,2829
943.568075222053,631.068,845,43.625559302053,0.3716541031406,2829
843.580993949188,668.618,2523,43.632090909188,0.365122078797299,2833
993.572737880869,719.417,747.5,43.633415520869,0.363797382506391,2833
893.587798260978,872.958,12535,43.642088780978,0.355123568390468,2835
793.597196827249,780.718,1857,43.645100227249,0.352111929762486,2835
1093.60148176653,720.719,930,43.66854652653,0.328664132842505,2837
1043.62094694494,890.452,618.5,43.68481814494,0.312391475078357,2838
993.626451466831,889.209,727,43.687129106831,0.310080365574095,2838
1043.64505387025,631.068,1494,43.70892507025,0.288283009931774,2840
1093.65637108975,794.273,509,43.7234358497501,0.273771303551484,2841
1043.66109800154,796.733,568,43.72496920154,0.272237853818297,2841
1143.65495000666,797.964,1252.5,43.7252083266601,0.271998713424182,2841
1143.67224842255,796.733,569,43.7425067425499,0.25469919259308,2844
993.687992560287,862.659,600,43.7486702002869,0.248535341163574,2845
393.747006506729,891.694,2318,43.769361426729,0.227842793063587,2846
443.778708956646,890.452,544,43.804257436646,0.192944554154224,2847
1043.84676227838,805.967,1094,43.9106334783801,0.0865617176207252,2848
493.973455713522,625.616,763,44.002197753522,-0.00500840621486986,2849
393.981796224417,471.899,830,44.004151144417,-0.00696192188325995,2849
793.989922273541,761.023,4420,44.037825673541,-0.0406386019773208,2851
194.094407091382,213.319,80450,44.103987771382,-0.106804925940793,2852
244.104471177692,318.139,772,44.117245417692,-0.120063419086648,2853
544.126526018298,346.688,916,44.158461618298,-0.161282252389015,2854
394.18922137878,225.335,1019,44.21157629878,-0.214400325586041,2855
244.202086223273,538.1445,1264,44.214860463273,-0.217684699855994,2855
444.191355350787,208.815,1001.5,44.216903830787,-0.219728197890674,2857
294.216941522831,613.3575,30627.5,44.232909322831,-0.235734712289968,2858
294.217737903398,482.097,5600.5,44.233705703398,-0.236531143725983,2858
444.215318844038,619.486,1354,44.240867324038,-0.2436932218165,2860
244.228279596149,640.609,854,44.241053836149,-0.243879745841014,2860
344.232994822784,564.327,12442,44.252156182784,-0.254982801641518,2862
444.23963133384,314.8235,781.5,44.26517981384,-0.268007264585606,2863
344.249138321435,743.9825,15864,44.268299681435,-0.271127331463049,2863
294.253207284055,750.1025,2811,44.269175084055,-0.272002789999647,2863
894.222496787701,601.097,579,44.2767873077009,-0.279615499878446,2866
444.269377089724,504.8695,1502,44.294925569724,-0.297754920488103,2867
494.269264544114,611.994,3361,44.298006584114,-0.300836131678693,2867
344.289702857797,806.582,13854,44.308864217797,-0.311694458896113,2869
594.277585238088,629.705,4174,44.312714398088,-0.31554488511847,2869
394.30480782143,621.528,519,44.32716274143,-0.329994151352423,2871
444.30402095764,662.108,3295,44.32956943764,-0.332401001290805,2871
494.306486925367,389.135,619,44.335228965367,-0.338060890521717,2873
444.320551620943,548.463,735.5,44.346100100943,-0.348932720494588,2874
394.324399674552,781.95,13228,44.346754594552,-0.349587255909569,2874
544.319215541438,632.4295,560,44.351151141438,-0.353984083626187,2876
644.325107540046,689.458,4657.5,44.363430260046,-0.36626398656631,2877
494.355434639275,847.22,2622,44.384176679275,-0.387011730978713,2878
744.352373721627,367.913,758.5,44.397083561627,-0.399919437761469,2879
594.36300511199,788.111,1021,44.39813427199,-0.400970215238772,2879
644.367868781526,834.891,166354,44.406191501526,-0.409027959432592,2881
694.378333318324,640.609,1115,44.419849598324,-0.422686928645362,2882
694.379980388961,793.04,1274,44.421496668961,-0.42433410448939,2882
744.383445224855,720.719,1068.5,44.428155064855,-0.430992925690248,2884
744.391122184644,636.518,1650,44.435832024644,-0.438670375847323,2885
594.403662287763,863.25,1191,44.438791447763,-0.441629988000386,2885
694.420870375568,587.472,896,44.462386655568,-0.465226702955874,2887
544.463902861997,633.793,2357,44.495838461997,-0.498680646128264,2888
744.469554720359,872.958,2045.5,44.514264560359,0.482892078537475,2889
594.480407832191,625.616,1085.5,44.515536992191,0.481619565428559,2889
594.481328273707,556.274,582,44.516457433707,0.480699065119097,2889
694.531674443928,917.627,11342,44.573190723928,0.423962151043384,2892
594.55361296238,823.817,26295,44.58874212238,0.408409759241408,2893
894.549229825307,886.1105,21483,44.6035203453069,0.393630592351315,2894
644.567723321707,827.51,1505,44.606046041707,0.391104734621763,2894
694.587122843009,781.95,737,44.628639123009,0.368510210180375,2896
794.58148376033,697.275,11459.5,44.62938716033,0.367762125078229,2896
944.578805581866,786.878,3042,44.636289661866,0.360859182643026,2898
994.576439500074,632.43,671,44.637117140074,0.360031651579561,2898
844.593537479634,891.694,5889.5,44.644634439634,0.352513871849965,2900
694.604429112128,870.648,14534.5,44.6459453921279,0.351202835618551,2900
944.613318620943,889.8305,500,44.670802700943,0.326343939035951,2902
1044.60918755349,802.889,7697,44.6730587534901,0.324087742382972,2902
1144.60971491364,716.813,6341.5,44.6799732336399,0.317172820568658,2904
1044.64843276709,889.209,539.5,44.7123039670901,0.284840021983882,2905
1044.6518293519,631.068,1055.5,44.7157005519,0.281443220216261,2905
1144.67041596757,796.733,708,44.7406742875701,0.25646788934182,2907
794.703090397189,852.156,4688,44.750993797189,0.246147720561225,2908
394.755132757259,892.935,2275,44.777487677259,0.219652148187322,2909
994.717037862878,891.694,570.5,44.777715502878,0.219424308015846,2909
444.776064687843,891.694,575,44.801613167843,0.195525116580825,2911
1194.79949150221,843.518,541.5,44.87294338221,0.124190345976331,2912
1044.84226587004,805.351,2154,44.9061370700399,0.0909945378905377,2913
394.984849241325,471.899,604,45.007204161325,-0.0100790090833698,2914
294.992096379459,267.375,1488,45.008064179459,-0.0109390821513102,2914
145.084966303916,214.07,2408.5,45.091353423916,-0.0942336467320786,2916
195.112403145253,226.082,6653,45.121983825253,-0.124866004594566,2917
245.126900304295,202.745,1024,45.139674544295,-0.142557853636163,2918
245.143559095608,321.218,2016.5,45.156333335608,-0.159217709034124,2919
345.203634101544,230.586,1382,45.222795461544,-0.225684080257054,2920
295.220982633667,406.117,3134,45.236950433667,-0.239839956532819,2921
295.221013976279,594.285,6770,45.236981776279,-0.23987130114682,2921
295.221100197472,482.097,1100,45.237067997472,-0.239957527847309,2921
495.208397163546,201.306,2220,45.237139203546,-0.240028738469618,2921
395.229462516049,583.393,3253,45.251817436049,-0.254707908548767,2925
345.236162678632,591.559,2529,45.255324038632,-0.258214735117008,2925
495.231633990367,593.603,1108,45.260376030367,-0.263267049549427,2927
495.258666819675,396.211,526,45.287408859675,-0.290301605586876,2928
495.263017943545,292.4375,12914,45.291759983545,-0.29465300738616,2928
595.265064526032,237.346,513.5,45.300193686032,-0.303087248578322,2930
545.272202816919,641.973,1315,45.304138416919,-0.307032231436096,2930
545.276696956098,552.368,828,45.308632556098,-0.311526657679451,2932
695.269248716697,232.841,1353,45.310764996697,-0.313659234488682,2932
345.29290099213,806.582,3065.5,45.31206235213,-0.314956672790629,2932
495.29238911747,705.0885,185057,45.32113115747,-0.324026057403103,2935
545.318904830514,848.455,702,45.350840430514,-0.353737228135287,2936
645.314653538343,677.7365,2795.5,45.352976258343,-0.355873192390845,2936
395.331449507591,793.6505,2533.5,45.353804427591,-0.356701414538406,2936
495.328019857573,842.9025,30222,45.356761897573,-0.359659073429611,2939
445.332922963145,831.827,1019,45.358471443145,-0.361368728199352,2939
695.341679995654,631.0685,861,45.383196275654,-0.386095140013936,2941
595.360835932627,821.981,17482.5,45.395965092627,-0.398864772598586,2942
745.36002633282,641.973,551.5,45.40473617282,-0.407636413046816,2943
645.369473120855,813.9645,31089,45.407795840855,-0.410696276518934,2943
695.431837969901,736.347,10359,45.473354249901,-0.476258873126881,2945
745.447459703024,785.647,2450,45.492169543024,-0.495075368081871,2946
695.456804631891,802.889,1723,45.498320911891,0.498772870130779,2947
545.469218852093,633.793,1170,45.501154452093,0.495939148935577,2947
795.498081272084,849.689,962.5,45.545984672084,0.451106065401632,2949
745.520408389581,900.357,188248,45.565118229581,0.43197128574343,2950
695.534930242341,904.059,6090,45.576446522341,0.420642269385439,2951
695.542858228922,669.921,2179,45.584374508922,0.412713776402143,2952
595.556753403149,823.817,10026,45.5918825631489,0.405205242596139,2953
745.549450409035,854.623,1497.5,45.594160249035,0.402927411222208,2953
845.543669720864,639.245,563.5,45.594766680864,0.402320940657319,2953
645.572771643171,827.51,973,45.611094363171,0.385992215414944,2956
945.561028668244,643.3365,982,45.618512748244,0.37857335649062,2957
795.585654537677,698.577,4575,45.633557937677,0.363527206041795,2958
945.579806642531,788.111,1459,45.637290722531,0.359794182755195,2958
945.581886809057,887.965,1326,45.639370889057,0.357713883357974,2960
845.606404585192,866.3465,10541.5,45.657501545192,0.339582069122343,2961
1045.61333263124,805.351,5570.5,45.6772038312399,0.31987852458542,2962
1145.6090219483,716.813,2298,45.6792802683001,0.317801954892047,2962
995.635695450954,890.452,555,45.696373090954,0.300708040429299,2964
1095.63735336652,699.226,1098.5,45.7044181265201,0.292662490984412,2965
1045.65461886813,890.452,551,45.71849006813,0.278589650525191,2966
995.673425139804,749.951,920.5,45.7341027798039,0.262975941584955,2967
1145.67803620709,322.633,1972,45.7482945270899,0.248783287797323,2968
1095.68786566502,404.702,1123.5,45.7549304250199,0.242146965997335,2969
895.702407249354,807.814,2680,45.756697769354,0.240379508773685,2969
795.708814358833,850.922,2375,45.756717758833,0.24035951801784,2969
995.701598677832,875.02,766,45.7622763178319,0.234800603964459,2972
445.76942237834,890.452,660,45.79497085834,0.202103975083446,2973
295.96858447785,223.828,1043.5,45.98455227785,0.0125104460071839,2974
246.085161575783,200.555,650.5,46.097935815783,-0.100880334330981,2975
146.093589858893,160.792,861.5,46.099976978893,-0.102921627820876,2975
196.100643291618,214.8205,948,46.110223971618,-0.113169275075393,2977
296.111689676566,213.318,862,46.127657476566,-0.130603893593445,2978
446.191121552343,420.261,10243.5,46.216670032343,-0.219622135072314,2979
396.214050385281,549.765,921.5,46.236405305281,-0.239358668606371,2980
296.23339667325,401.874,13448.5,46.24936447325,-0.252318664345921,2981
346.23872401636,543.256,714,46.25788537636,-0.260840111730943,2982
496.240287239629,570.1635,576,46.269029279629,-0.271984726819937,2983
396.247824946049,356.594,557.5,46.270179866049,-0.273135386733941,2983
346.251087577418,809.6575,528.5,46.270248937418,-0.273204462514855,2983
396.249286716448,232.841,1387,46.271641636448,-0.274597250503973,2983
446.250212716786,628.341,1480,46.275761196786,-0.278717073979919,2987
446.254390521063,844.752,1255.5,46.279939001063,-0.282895145115333,2987
396.260436681638,694.669,2431,46.282791601638,-0.28574792790107,2989
296.269054615069,794.273,49146,46.285022415069,-0.287978883825929,2989
496.265758896706,292.4375,3533,46.294500936706,-0.297458010906155,2991
396.272150387192,885.2525,6671.5,46.294505307192,-0.297462381671266,2991
496.276902985161,677.733,10120,46.305645025161,-0.308602811192884,2993
596.274000996761,626.979,620,46.3091301567609,-0.312088165406522,2993
346.289982220849,802.889,6537,46.309143580849,-0.312101590352142,2993
546.283240033284,455.918,1317,46.315175633284,-0.318134028086092,2996
546.283449803653,335.367,3819.5,46.315385403653,-0.31834381185422,2996
396.296737152217,688.154,1733.5,46.319092072217,-0.322050717182776,2996
646.282324269009,635.156,778,46.320646989009,-0.323605733295494,2999
446.300834803396,373.574,7476,46.326383283396,-0.329342394089906,3000
546.305619979512,720.719,917.5,46.337555579512,-0.340515403839504,3001
496.320363159067,839.818,8293.5,46.349105199067,-0.352065761129722,3002
546.326856389825,475.59,1539.5,46.358791989825,-0.361753170634188,3003
696.352015248612,815.813,1061,46.393531528612,-0.396494928418861,3004
446.371389939549,902.826,2154,46.396938419549,-0.39990203697198,3004
596.383107723018,850.922,1358,46.418236883018,-0.421201860886299,3006
846.3682684015,786.263,643.5,46.4193653615,-0.422330411450162,3006
646.385009133886,835.348,7341,46.423331853886,-0.426297157196927,3008
796.397075098605,635.156,685,46.444978498605,-0.447945184601508,3009
746.410911660089,633.793,616.5,46.455621500089,-0.458588865910201,3010
646.432634011576,672.524,4709,46.4709567315761,-0.473925076939508,3011
496.445289517493,640.609,11882.5,46.474031557493,-0.477000099261716,3011
696.43723684194,618.805,886,46.47875312194,-0.481721965300039,3013
746.449321806937,786.878,1160,46.4940316469369,-0.497001466216943,3014
696.455295437584,757.8465,8932.5,46.496811717584,-0.499781714441838,3014
596.497761152436,556.274,3391,46.5328903124361,0.464137386175707,3016
646.512261075129,780.718,2205,46.550583795129,0.446442773306671,3017
596.560323665445,825.048,2335,46.595452825445,0.401570876968776,3018
796.547703646907,894.7745,4375,46.595607046907,0.401416645655786,3018
846.547210378167,640.609,503,46.598307338167,0.398716181913983,3018
846.560169075975,881.766,7119,46.6112660359749,0.385756656365515,3021
996.571426612088,404.702,3908,46.632104252088,0.364917109205749,3022
896.582292671149,886.1035,5966.5,46.636583191149,0.36043788405118,3022
946.591610890973,881.766,954,46.649094970973,0.347925305033755,3024
1096.60899547043,703.135,2781,46.67606023043,0.320958323163268,3025
1046.6294658009,797.964,12706.5,46.6933370009001,0.303680449134617,3026
1146.62346406298,717.4645,589.5,46.69372238298,0.303295042438322,3026
996.633069165415,801.0435,953,46.693746805415,0.303270618443207,3026
996.647070406035,889.209,606.5,46.707748046035,0.289268483490105,3029
1096.64497879019,833.661,5104.5,46.7120435501899,0.284972704958818,3029
946.685683618878,884.242,5475,46.743167698878,0.253846568206995,3031
1096.67701376175,406.117,829,46.74407852175,0.252935687155968,3031
1146.68195724346,322.633,894,46.7522155634599,0.244798125690068,3033
896.708415540018,807.814,972,46.762706060018,0.234306959048581,3034
1146.69962670901,719.417,510.5,46.7698850290101,0.227127531497899,3035
1246.83383147271,875.584,784,46.91047691271,0.0865266674520626,3036
197.013878453657,199.804,4706,47.023459133657,-0.02646277026588,3037
297.087255706433,210.316,696,47.103223506433,-0.10623223801349,3038
247.130199193461,205.8115,584,47.142973433461,-0.14598470407924,3039
447.194280695485,420.261,4060,47.219829175485,-0.222845355285244,3040
447.20755102426,599.733,1331,47.23309950426,-0.236116531706273,3041
297.236327644685,632.43,13708,47.252295444685,-0.255313698277291,3042
297.236780169642,482.097,6855,47.252747969642,-0.255766252139438,3042
347.251505996478,611.994,6476,47.270667356478,-0.273686783581297,3044
447.251894815352,748.721,4853.5,47.277443295352,-0.280463155270297,3045
397.263094722711,620.166,650.5,47.285449642711,-0.288470014036989,3046
297.272016667367,795.503,10907,47.287984467367,-0.291005000605594,3046
597.26677434868,613.356,878,47.30190350868,-0.30492493100121,3048
497.273942017914,280.496,1516,47.302684057914,-0.305705530093064,3048
397.281654590441,887.965,1438.5,47.304009510441,-0.307031067283731,3048
497.275602603526,699.878,3058,47.304344643526,-0.307366221775396,3048
597.269316446685,425.916,2011,47.304445606685,-0.307467191383466,3048
347.286838865587,796.733,1161,47.306000225587,-0.309021909587216,3048
497.278773868211,384.186,35491,47.307515908211,-0.310537689025807,3054
547.287644569548,631.068,1198,47.319580169548,-0.322602720970849,3055
547.289062129205,335.367,1369.5,47.320997729205,-0.324020371174925,3055
597.291833224667,321.218,6081.5,47.326962384667,-0.329985407630943,3057
597.29257714253,231.339,4045.5,47.32770630253,-0.330729373011991,3057
447.303956486727,373.574,2107.5,47.329504966727,-0.332528152099087,3057
547.307886843717,463.9095,518.5,47.339822443717,-0.342846288120882,3060
447.318059692834,787.4955,632,47.343608172834,-0.346632259052342,3060
647.324080470581,701.1825,947,47.3624031905809,-0.365428477336309,3062
397.347410488924,828.1365,55023,47.369765408924,-0.372791165943113,3063
447.354253195746,891.0565,4191,47.379801675746,-0.382828073834503,3064
697.362485434884,812.732,808.5,47.404001714884,-0.407029658756755,3065
647.366328082838,844.5995,2066.5,47.404650802838,-0.407678788171438,3065
697.368122750684,641.291,1847.5,47.409639030684,-0.41266733464181,3067
597.37478146875,853.389,6964,47.40991062875,-0.412938950056287,3067
647.435586684313,671.222,2796,47.473909404313,-0.476941813558938,3069
497.448881112554,639.245,3059,47.477623152554,-0.480655799016688,3069
647.446955045579,883.004,619.5,47.485277765579,-0.488310900982242,3071
697.462023341645,851.539,25817,47.503539621645,0.493426076470655,3072
747.462005565685,781.95,2406,47.506715405685,0.490250089576534,3072
597.478720206231,685.55,1839,47.5138493662309,0.483115673346902,3074
797.477220137627,855.855,2137,47.525123537627,0.471840781809988,3075
847.495018490917,633.793,704,47.546115450917,0.450847527655583,3076
647.516304586232,780.718,857,47.554627306232,0.442335128643435,3077
747.514971983001,975.597,8419,47.559681823001,0.437280289015803,3078
847.51503208641,864.487,4066,47.56612904641,0.430832653788684,3079
747.522829013492,901.592,22877.5,47.567538853492,0.429422756654731,3079
797.544197668001,902.826,40759,47.5921010680009,0.404858973227419,3081
847.54103476283,894.175,11174.5,47.59213172283,0.404828316440444,3081
697.557676161654,722.021,1288,47.5991924416539,0.397767146611045,3083
847.552886829874,484.701,545.5,47.603983789874,0.39297549234243,3083
797.560502780457,751.181,749,47.608406180457,0.388552819277834,3085
1047.55730359663,635.156,628.5,47.6211747966299,0.375783387505862,3086
897.573710118995,866.963,3465,47.628000638995,0.368957109138364,3087
947.57658935492,884.868,1716.5,47.63407343492,0.362883925311735,3088
997.576212655744,404.702,2388,47.636890295744,0.360066884559956,3088
997.60809226019,887.966,515.5,47.66876990019,0.32818524379536,3090
497.643686590171,410.359,1092,47.672428630171,0.324526280111968,3090
997.611802636812,807.814,10062.5,47.6724802768119,0.324474630172062,3090
1097.60981883075,688.154,2454,47.6768835907501,0.320071034970852,3093
1097.6411307309,813.9655,3003,47.7081954908999,0.288757134764865,3094
1047.64878490163,791.807,6166,47.71265610163,0.284296239111882,3094
947.673404396781,753.643,1359,47.730888476781,0.266062699362806,3096
1147.67058037603,797.964,1389.5,47.7408386960301,0.256111844540783,3097
947.687822586905,883.004,3286,47.745306666905,0.251643588273055,3097
1097.69161408127,424.503,9332.5,47.75867884127,0.238270559756529,3099
447.774883139105,891.694,546.5,47.800431619105,0.196515114951183,3100
1147.80529784268,876.818,784,47.8755561626799,0.121385772775056,3101
1197.85852704426,849.689,709,47.93197892426,0.0649594071753654,3102
198.085712011251,132.323,898,48.095292691251,-0.0983647915282404,3103
198.124144378796,208.815,1767,48.133725058796,-0.136799613951467,3104
448.139540903621,346.688,12450.5,48.165089383621,-0.168165942181531,3105
298.15814134493,601.097,2220,48.17410914493,-0.177186279630291,3106
298.176546954529,256.865,601.5,48.192514754529,-0.195593064892762,3107
398.194351372062,386.3055,930,48.216706292062,-0.21978614766698,3108
498.188074237241,208.7735,509.5,48.216816277241,-0.219896139871366,3108
348.222993165718,621.528,11709,48.242154525718,-0.245236006836024,3110
348.234145069668,786.879,704,48.253306429668,-0.256388623117061,3111
298.239253948055,438.645,1610,48.255221748055,-0.258304063845515,3111
298.24857020327,643.336,27193.5,48.26453800327,-0.267620914138945,3113
298.249207797975,540.6545,68476,48.265175597975,-0.268258549570419,3113
398.244935047,649.374,896,48.267289967,-0.27037305365144,3113
448.264026261581,652.874,4480,48.289574741581,-0.292659251678629,3116
298.285107338901,875.34,27812,48.301075138901,-0.304160383589704,3117
498.273060978956,659.5815,898,48.301803018956,-0.30488831013821,3117
498.281847152309,367.913,6684,48.310589192309,-0.313675044710521,3119
498.282500151711,288.791,15880,48.311242191711,-0.314328085823036,3119
598.277893935641,651.511,1226.5,48.313023095641,-0.316109103508779,3119
548.282991329126,666.015,1956.5,48.314926929126,-0.31801305860165,3119
598.295083149606,324.047,1960,48.3302123096059,-0.333299415439569,3123
548.299028284563,249.36,1708,48.3309638845629,-0.334051038403686,3123
548.299234463676,379.234,4618,48.331170063676,-0.334257230686489,3123
598.296811055735,231.339,1064,48.331940215735,-0.335027431939125,3123
548.307250448548,813.1885,943,48.339186048548,-0.342273727581642,3127
448.314160444894,641.973,1366.5,48.339708924894,-0.342796637326558,3127
598.307486101361,747.0585,46292,48.3426152613609,-0.345703159436539,3127
448.331661357483,879.287,1582,48.357209837483,-0.360298667791199,3130
798.31004782032,738.879,1551,48.35795122032,-0.361040097984301,3130
698.334368515712,624.254,518.5,48.375884795712,-0.378974818888423,3132
398.355321640709,850.922,13106,48.377676560709,-0.380766698334924,3132
498.351437757819,777.021,8878,48.380179797819,-0.383270095339924,3132
598.359769112789,851.539,2763.5,48.394898272789,-0.397989510456568,3135
698.365545909382,788.727,5313.5,48.407062189382,-0.410154204023229,3136
498.424407380492,618.805,1001,48.453149420492,-0.456244378968051,3137
598.436122348948,885.481,602.5,48.4712515089479,-0.474347623699941,3138
598.455830217405,655.597,4545,48.490959377405,-0.494056751002518,3139
648.455234468028,614.718,542.5,48.493557188028,-0.496654727561463,3139
698.455874162857,621.528,1340,48.497390442857,0.499511772759433,3141
548.47483809383,690.761,1052.5,48.50677369383,0.490127922428542,3142
698.46594128313,727.228,1145,48.5074575631299,0.489444009446288,3142
748.465184641203,780.718,1431,48.509894481203,0.487006935714476,3142
698.472944623507,848.455,9180,48.514460903507,0.48244022172878,3145
798.496232908762,869.4325,1005,48.5441363087619,0.452762920949226,3146
748.517897260979,920.097,10834,48.562607100979,0.434290948905073,3147
648.525976877219,788.111,1077,48.564299597219,0.432598344556368,3147
898.51116318388,715.51,1265.5,48.5654537038799,0.431444164176469,3147
948.514266951071,862.0195,976,48.571751031071,0.425146434741919,3150
848.541818557734,891.694,5337,48.592915517734,0.403980596191332,3151
848.562512190506,697.273,1249,48.613609150506,0.383285641607813,3152
798.575145784412,895.3955,7761,48.623049184412,0.373845004717055,3153
898.582478865165,866.3465,1475,48.6367693851649,0.360123927582549,3154
1098.58097299028,641.973,789.5,48.6480377502801,0.348854842697392,3155
998.588772018165,416.018,211764,48.6494496581649,0.347442844626585,3155
1048.59153170758,719.417,588,48.6554029075801,0.341489214945796,3157
998.61610026642,810.277,3178.5,48.6767779064199,0.32011285077192,3158
1048.6295729393,832.432,1991,48.6934441393,0.303445553331585,3159
998.649273720894,891.694,861,48.709951360894,0.286937277334232,3160
1098.65323646555,833.661,1141,48.72030122555,0.276586751577724,3161
1198.65552011075,641.973,869,48.7289719907501,0.267915432530117,3162
1148.67249660086,794.273,932.5,48.7427549208601,0.254131622031537,3163
1098.67760069495,802.889,6206,48.7446654549499,0.252220965905735,3163
1098.69597994508,421.675,6989,48.7630447050799,0.233840541796098,3165
448.782054600889,891.694,924.5,48.807603080889,0.189279319808293,3166
1148.81642428319,876.818,1171.5,48.8866826031899,0.11019474628074,3167
1198.87042043872,852.156,934.5,48.94387231872,0.0530013777415661,3168
598.942911315734,636.518,6111,48.978040475734,0.0188310382269492,3169
498.951051462262,499.011,5223,48.979793502262,0.0170778997239722,3169
448.954758517816,360.838,3746.5,48.980306997816,0.0165643713702934,3169
398.958265571484,275.518,9486,48.980620491484,0.0162508576777896,3169
298.965204316237,213.318,4678.5,48.981172116237,0.0156991976895711,3169
348.962183486015,235.845,14099,48.981344846015,0.0155264568783764,3169
349.187247931547,212.4795,561.5,49.206409291547,-0.209552364708031,3175
299.206689265118,665.745,6231.5,49.222657065118,-0.225801176110053,3176
449.217173930242,208.7775,954,49.242722410242,-0.245867802913608,3177
399.230518736662,213.2745,1260,49.252873656662,-0.256019697747377,3178
399.24033961796,659.611,605,49.26269453796,-0.265841206356811,3179
299.252344839232,540.6545,12228,49.268312639232,-0.271459666486692,3180
449.250897474135,775.79,2119,49.276445954135,-0.279593500907367,3181
349.26624732311,622.891,3285,49.28540868311,-0.288556802379219,3182
599.251566318932,464.523,566.5,49.286695478932,-0.28984368039562,3182
449.265357716498,655.597,1725,49.290906196498,-0.29405466692242,3184
499.265525610824,774.558,1465.5,49.294267650824,-0.297416335962225,3184
549.266933435033,611.994,2711,49.298869035033,-0.302018014086002,3186
299.287439154255,848.455,5053.5,49.303406954255,-0.306556223168911,3186
449.295553794692,613.356,1032.5,49.321102274692,-0.324252673899423,3188
499.294802899439,454.689,667515,49.323544939439,-0.326695494672322,3188
599.290891088942,319.803,930,49.326020248942,-0.329170962286412,3188
499.30433546671,620.1725,1852,49.33307750671,-0.336228670838636,3191
549.301968831318,379.234,1776,49.333904431318,-0.337055648266755,3191
549.302246030243,247.86,667,49.3341816302431,-0.337332864897917,3191
549.303077424944,664.4125,2478,49.335013024944,-0.338164312704521,3191
449.31190466763,403.288,830.5,49.33745314763,-0.340604591253964,3191
699.301610512169,367.913,641,49.343126792169,-0.346278598198637,3196
599.313638442957,634.476,3203,49.348767602957,-0.351919769294909,3197
649.326138487488,777.021,4232,49.364461207488,-0.367614376259439,3198
399.344118841534,850.922,2594.5,49.366473761534,-0.369627058857816,3198
549.337671542381,815.204,1385,49.369607142381,-0.372760639850412,3200
599.337342302045,728.531,4957,49.372471462045,-0.375625142473723,3200
499.35475517135,778.254,3116,49.38349721135,-0.386651596051365,3202
599.373637772081,871.2655,76658,49.408766932081,-0.411922930892842,3203
699.370078410795,786.878,3920,49.411594690795,-0.414750870230705,3203
649.388612923918,643.336,23255.5,49.426935643918,-0.430092803261459,3205
849.386351205745,640.609,3160,49.437448165745,-0.440605996578711,3206
749.396049485689,643.336,979,49.440759325689,-0.443917368024017,3206
699.405957008651,854.623,2096.5,49.4474732886509,-0.450631759842167,3208
799.410484372667,639.245,694,49.458387772667,-0.461546941023926,3209
599.44748773285,675.755,3139,49.48261689285,-0.485777608848821,3210
649.4459696237,871.882,1486,49.4842923437,-0.487453166718637,3210
699.454118457233,847.22,1502,49.495634737233,-0.498796284750256,3212
699.459125319848,620.166,578.5,49.500641599848,0.496196532820022,3213
699.469212569381,725.927,1098.5,49.5107288493811,0.486108638961014,3214
749.477295734267,820.125,1164,49.522005574267,0.474831193771024,3215
799.49343028907,870.648,2853.5,49.54133368907,0.455501844379341,3216
849.499956464085,862.0195,526.5,49.551053424085,0.445781488513603,3217
649.512944292952,720.719,704,49.5512670129521,0.44556788600346,3217
749.527226676098,968.1955,11429,49.571936516098,0.424897062587206,3219
899.556063268672,881.766,5304.5,49.610353788672,0.386477336099233,3220
849.561847200085,886.723,41749,49.612944160085,0.383886799225479,3220
799.566224220505,777.021,5846,49.614127620505,0.382703263211738,3220
749.573824719826,777.6395,28805,49.618534559826,0.3782960423963,3223
849.580030093497,781.95,10012,49.631127053497,0.365702744376108,3224
899.580524345295,673.827,11689,49.634814865295,0.362014697018139,3224
999.59242280186,414.604,129265,49.65310044186,0.343727952456675,3226
799.611118446272,889.209,999,49.659021846272,0.337806169813462,3227
1049.61598953199,628.341,612,49.6798607319899,0.31696595300582,3228
999.621750248195,807.814,1200,49.682427888195,0.314398632822986,3228
1049.63311517483,832.432,1255,49.69698637483,0.29983921626058,3230
999.669176957028,887.965,615,49.729854597028,0.26696889459572,3231
1099.67839376854,804.121,4607,49.74545852854,0.251363966378221,3232
1149.67904261987,794.273,626,49.74930093987,0.247521309613148,3232
1099.70087345716,416.018,3793.5,49.76793821716,0.228882841861832,3234
449.77382705208,889.209,557,49.79937553208,0.197443518874479,3235
1199.76744196312,795.503,681,49.8408938431201,0.155922555840789,3236
599.92794507715,632.43,14523,49.96307423715,0.0337343575039313,3237
549.931364820466,602.458,18477,49.963300420466,0.0335081597404496,3237
399.9426856726,293.327,23923,49.9650405926,0.0317678764523635,3237
249.952705573431,204.311,8595,49.965479813431,0.0313286275660687,3237
499.944270522595,510.7215,716,49.973012562595,0.0237953972456353,3241
749.93762007956,768.923,11063,49.98232991956,0.0144774451317744,3242
349.965095704936,234.342,970.5,49.984257064936,0.0125501766588059,3243
